SP500,APPL,TSLA,MSFT,AMZN,COST
208.55,29.7,14.79,53.94,33.06,162.83
209.31,29.83,14.67,54.19,33.42,163.1
209.07,29.44,14.52,54.19,33.95,163.45
209.35,29.72,14.55,54.25,33.56,162.19
209.32,29.51,15.31,53.69,33.77,162.39
209.56,29.45,15.44,53.93,33.66,163.58
208.69,29.58,15.35,54.35,33.24,161.42
210.68,29.34,15.81,55.22,33.95,161.29
208.53,29.07,15.47,55.21,33.8,161.09
205.61,28.8,15.51,54.2,33.31,163.67
209.62,29.76,15.36,55.91,33.63,166.8
208.35,29.57,15.41,55.81,33.49,167.12
206.95,29.56,15.11,55.79,33.87,168.87
205.34,28.91,14.97,54.98,33.24,159.72
205.87,29.04,15.14,55.27,33.12,161.86
201.88,28.3,14.47,54.06,32.01,160.02
202.9,28.12,14.57,55.14,32.9,161.84
205.03,27.62,14.74,55.2,32.93,161.29
208.03,27.84,15.63,56.13,33.79,162.76
204.86,27.25,15.56,55.7,33.53,160.68
200.02,26.51,15.36,54.13,33.21,157.7
201.67,26.83,15.5,54.83,33.23,159.39
203.5,26.81,15.33,55.35,33.16,161.23
206.02,27.15,15.31,55.82,33.19,161.71
205.68,27.01,15.37,55.67,33.14,161.75
205.21,26.71,15.26,55.95,33.76,161.16
207.4,27.19,15.81,56.55,34.7,162.66
205.93,26.83,15.87,56.31,34.45,162.71
203.87,26.32,16.0,55.48,33.79,161.5
201.02,26.34,14.89,54.8,31.85,159.54
201.36,25.68,14.9,55.05,31.69,159.93
198.82,25.18,14.6,54.05,31.63,158.45
194.05,24.11,14.38,52.17,30.4,154.82
191.92,24.24,14.07,52.33,30.35,152.11
192.11,24.63,13.86,52.3,30.89,154.72
193.66,24.99,14.0,52.78,30.89,156.06
188.83,24.35,13.35,51.64,29.09,152.12
191.93,24.88,13.75,53.11,29.65,153.18
187.81,24.28,13.67,50.99,28.51,150.39
188.06,24.17,13.65,50.56,28.72,150.47
185.65,24.2,13.25,50.79,28.59,148.82
186.69,24.08,13.33,50.48,28.75,150.38
190.52,25.36,13.5,52.29,29.82,153.69
187.64,24.86,13.09,51.79,29.83,150.78
190.2,25.0,12.9,52.17,30.06,148.5
188.13,23.36,12.54,51.22,29.17,147.73
189.11,23.52,12.65,52.06,31.77,149.59
193.72,24.34,12.75,55.09,29.35,151.12
193.65,24.11,13.13,54.71,28.74,151.25
190.16,23.62,12.19,53.0,27.61,148.5
191.3,24.09,11.57,52.16,26.55,146.7
191.6,24.15,11.69,52.0,26.81,143.28
187.95,23.51,10.84,50.16,25.11,143.99
185.42,23.75,9.87,49.41,24.41,147.02
185.43,23.75,9.88,49.28,24.1,147.94
185.27,23.57,9.58,49.71,24.52,148.05
182.86,23.43,10.03,49.69,25.19,146.65
186.63,23.5,10.07,50.5,25.35,148.65
189.78,24.16,10.34,51.09,26.06,149.11
192.88,24.53,11.25,52.42,26.71,150.91
192.09,24.07,11.12,52.19,26.25,148.65
192.0,24.01,11.11,51.82,26.75,148.7
194.78,24.22,11.85,52.65,27.98,150.06
192.32,23.67,11.81,51.18,27.65,150.36
193.2,24.03,11.93,51.36,27.7,153.87
195.54,24.19,12.5,52.1,27.76,154.72
195.09,24.23,12.69,51.3,27.76,149.68
193.56,24.17,12.8,50.88,27.63,150.03
198.11,25.13,12.42,52.58,28.95,150.52
199.0,25.19,12.56,52.95,29.01,152.79
199.78,25.38,13.05,52.35,28.87,151.6
200.43,25.75,13.4,52.03,28.76,150.9
200.59,25.47,13.69,51.03,28.14,148.17
198.4,25.26,13.51,51.65,28.01,150.95
199.38,25.28,13.91,52.84,27.97,153.05
199.54,25.29,13.68,52.05,27.95,152.87
202.76,25.57,13.83,53.07,28.48,152.71
202.5,25.63,14.34,53.17,28.67,152.67
202.17,26.15,14.56,53.59,28.85,154.18
203.34,26.49,14.8,54.35,28.71,154.06
204.63,26.45,15.09,54.66,27.97,153.84
204.38,26.48,15.52,53.49,27.6,153.15
204.67,26.48,15.89,53.86,27.7,153.94
204.56,26.68,15.62,54.07,28.02,152.23
203.21,26.53,14.84,53.97,28.48,153.51
203.12,26.42,15.18,54.21,29.15,151.43
203.24,26.3,15.35,53.54,28.99,152.67
205.12,26.92,15.34,54.71,29.69,155.26
206.02,27.39,15.13,55.05,29.93,157.6
205.52,27.25,15.32,55.23,29.68,157.58
206.92,27.5,15.84,55.57,29.93,158.25
206.25,27.78,16.47,55.43,29.66,157.73
204.19,27.45,17.03,54.56,29.31,155.99
206.42,27.74,17.69,55.12,30.1,156.77
203.95,27.14,17.15,54.46,29.57,152.03
204.5,27.17,16.67,54.42,29.73,151.65
204.02,27.26,16.66,54.31,29.8,149.05
205.92,27.61,16.52,54.65,30.16,150.52
208.0,28.01,16.97,55.35,30.74,151.88
208.01,28.03,16.79,55.36,31.04,151.4
207.78,27.46,16.97,55.65,31.29,153.17
209.24,26.87,16.93,56.46,31.77,153.3
209.9,26.73,16.49,56.39,31.4,153.68
210.1,26.78,16.66,55.59,31.65,152.74
208.97,26.49,16.55,55.78,31.55,151.42
208.97,26.42,16.92,51.78,31.03,149.92
208.61,26.27,16.79,52.11,31.31,151.51
208.92,26.09,16.92,51.44,30.84,152.6
209.35,24.46,16.76,50.94,30.33,151.77
207.45,23.71,16.51,49.9,30.1,151.44
206.33,23.44,16.05,49.87,32.98,148.13
207.97,23.41,16.12,50.61,34.19,150.93
206.16,23.8,15.49,49.78,33.57,151.41
205.01,23.55,14.84,49.87,33.55,151.51
204.97,23.31,14.1,49.94,32.95,147.84
205.72,23.18,14.33,50.39,33.7,146.44
205.89,23.2,13.93,50.07,33.99,148.59
208.45,23.36,13.91,51.02,35.15,149.56
206.5,23.13,13.93,51.05,35.66,147.12
206.56,22.59,13.82,51.51,35.9,146.72
204.76,22.63,13.84,51.08,35.5,144.5
206.78,23.47,13.89,51.83,35.53,145.79
204.85,23.37,13.64,50.51,34.76,143.6
204.91,23.64,14.08,50.81,34.87,141.29
204.2,23.55,14.35,50.32,34.93,142.7
205.49,23.81,14.69,50.62,35.14,142.69
205.21,24.11,14.41,50.03,34.84,142.01
207.87,24.48,14.53,51.59,35.21,142.57
209.28,24.91,14.64,52.12,35.42,144.54
209.34,25.1,15.01,51.89,35.75,149.71
210.24,25.09,14.87,52.32,35.61,149.08
209.84,24.97,14.88,53.0,36.14,148.77
210.27,24.62,14.64,52.85,35.97,152.52
210.91,24.43,14.6,52.48,36.41,151.51
210.28,24.48,14.6,51.79,36.28,151.71
211.35,24.66,14.71,52.13,36.34,152.24
211.68,24.76,15.49,52.1,36.19,152.62
212.37,24.74,15.7,52.04,36.33,153.37
212.08,24.91,15.29,51.62,36.38,154.05
210.07,24.71,14.59,51.48,35.9,154.87
208.45,24.34,14.52,50.14,35.76,154.95
208.04,24.37,14.33,49.83,35.97,155.87
207.75,24.29,14.51,49.69,35.71,154.86
208.37,24.39,14.53,50.39,35.88,156.42
206.52,23.83,14.36,50.13,35.32,155.89
207.85,23.78,14.65,50.07,35.7,156.48
208.44,23.98,14.64,51.19,35.79,157.2
208.1,23.89,13.11,50.99,35.53,158.12
210.81,24.03,13.09,51.91,36.1,157.03
203.13,23.35,12.88,49.83,34.95,155.56
199.6,23.01,13.24,48.43,34.57,154.26
203.2,23.4,13.45,49.44,35.4,155.6
206.66,23.6,14.01,50.54,35.78,157.08
209.48,23.9,14.15,51.17,35.78,157.04
209.92,23.97,14.43,51.16,36.28,156.11
208.41,23.75,14.27,51.17,36.41,155.25
209.66,23.88,14.3,51.38,36.88,156.01
209.53,23.99,14.4,51.38,36.83,163.7
212.65,24.17,14.45,52.3,37.29,165.44
213.4,24.25,14.99,52.59,37.69,166.72
214.95,24.36,14.98,53.21,37.41,166.28
214.92,24.22,14.84,53.51,37.13,166.78
216.12,24.7,14.77,53.74,37.06,166.94
215.83,24.7,14.69,53.7,36.77,166.41
216.41,24.96,15.08,53.96,36.8,167.51
216.19,24.97,15.02,53.09,37.0,168.12
217.09,24.99,15.22,55.91,37.29,168.04
216.27,24.86,14.7,55.8,37.22,167.05
217.24,24.67,14.82,56.57,37.24,167.47
216.65,24.34,15.33,56.73,36.98,167.97
216.75,24.17,15.3,56.76,36.78,167.57
216.52,25.74,15.23,56.19,36.83,166.15
216.77,26.09,15.37,56.21,37.63,166.35
217.12,26.05,15.65,56.68,37.94,167.22
216.94,26.51,15.33,56.58,38.39,167.56
215.55,26.12,15.15,56.58,38.03,166.5
216.18,26.45,15.05,56.97,37.73,166.12
216.41,26.47,15.37,57.39,38.04,166.55
218.18,26.87,15.34,57.96,38.3,167.7
218.05,27.09,15.08,58.06,38.33,167.4
218.18,27.2,15.27,58.2,38.42,167.86
217.64,27.0,15.04,58.02,38.43,168.29
218.65,26.98,14.99,58.3,38.56,167.88
218.46,27.05,15.04,57.94,38.63,169.04
219.09,27.37,15.04,58.12,38.42,168.73
217.96,27.35,14.91,57.44,38.2,168.41
218.37,27.31,14.88,57.56,38.23,167.96
218.86,27.27,14.9,57.6,38.22,167.75
218.54,27.34,15.0,57.62,37.87,168.02
218.53,27.13,14.86,57.67,37.97,167.94
218.97,27.21,14.99,57.89,38.12,167.36
217.85,27.01,14.84,57.95,37.86,167.57
217.7,26.89,14.73,58.17,37.96,164.86
217.29,26.74,14.67,58.03,38.45,163.93
218.36,26.71,14.35,58.1,38.56,163.98
218.0,26.5,14.09,57.89,38.38,161.96
217.38,26.53,14.13,57.46,38.46,162.09
217.39,26.68,13.38,57.59,38.53,156.21
218.37,26.93,13.19,57.67,38.62,157.98
219.03,26.93,13.52,57.61,39.44,158.06
219.01,27.09,13.45,57.66,39.22,155.64
218.51,26.38,13.16,57.43,39.2,153.47
213.28,25.78,12.96,56.21,38.01,150.7
216.34,26.36,13.22,57.05,38.57,151.69
213.23,26.99,13.07,56.53,38.05,150.74
213.15,27.94,13.09,56.26,38.05,150.69
215.28,28.89,13.36,57.19,38.48,152.67
213.37,28.73,13.69,57.25,38.93,152.35
213.41,28.4,13.76,56.93,38.76,151.79
213.42,28.39,13.64,56.81,39.01,152.17
215.82,28.39,13.68,57.76,39.49,152.7
217.18,28.66,13.76,57.82,40.24,153.15
215.99,28.18,13.83,57.43,40.29,152.53
214.24,28.22,13.93,56.9,39.96,151.19
215.57,28.27,13.72,57.95,40.81,150.45
216.64,28.49,13.75,58.03,41.44,149.41
214.68,28.05,13.38,57.4,41.45,147.49
216.3,28.26,13.6,57.6,41.87,152.51
215.78,28.13,14.25,57.42,41.84,151.01
214.68,28.25,14.09,57.24,41.7,150.48
215.63,28.26,13.9,57.64,42.22,149.98
215.78,28.47,13.4,57.74,42.08,149.47
215.04,28.52,13.11,57.8,41.97,149.99
216.16,29.01,13.4,58.04,42.09,150.28
213.43,29.08,13.34,57.19,41.55,151.01
213.71,29.34,13.43,57.11,41.7,150.46
213.01,29.25,13.35,56.92,41.46,150.22
213.12,29.41,13.1,57.42,41.15,150.15
212.38,29.39,12.93,57.22,40.65,148.7
213.71,29.37,13.27,57.66,40.88,149.11
214.28,29.28,13.57,57.53,40.88,149.45
213.88,29.27,13.27,57.25,40.52,150.04
213.98,29.15,13.34,59.66,40.95,148.97
214.89,29.41,13.52,61.0,41.9,152.12
214.17,29.56,13.49,60.99,41.76,150.99
213.74,28.9,13.48,60.63,41.13,150.98
213.17,28.62,13.6,60.1,40.92,150.86
212.54,28.43,13.33,59.87,38.82,149.76
212.55,28.39,13.18,59.92,39.49,147.87
211.01,27.87,12.72,59.8,39.27,146.66
209.74,27.9,12.53,59.43,38.28,146.27
208.78,27.46,12.49,59.21,38.35,144.45
208.55,27.21,12.7,58.71,37.75,142.24
213.15,27.6,12.88,60.42,39.25,143.54
214.11,27.77,13.0,60.47,39.39,146.09
216.38,27.72,12.67,60.17,38.59,146.79
216.92,26.95,12.36,58.7,37.12,146.7
216.42,27.11,12.57,59.02,36.95,149.36
216.59,26.43,12.1,58.12,35.95,152.0
218.28,26.78,12.25,58.87,37.16,151.15
217.87,27.5,12.26,59.65,37.32,152.14
218.99,27.49,12.58,60.64,37.82,151.2
218.5,27.52,12.33,60.35,38.01,150.36
220.15,27.93,12.3,60.86,39.0,151.17
220.58,27.95,12.74,61.12,39.27,152.67
220.7,27.81,12.88,60.4,39.01,151.6
221.52,27.95,13.11,60.53,39.02,151.88
220.48,27.89,13.07,60.61,38.34,151.25
220.91,27.87,12.64,61.09,38.13,151.48
220.38,27.63,12.63,60.26,37.53,150.11
219.57,27.37,12.13,59.2,37.18,151.74
219.68,27.48,12.1,59.25,37.02,152.09
221.0,27.28,12.45,60.22,37.97,151.77
221.7,27.49,12.39,59.95,38.24,151.01
224.6,27.76,12.88,61.37,38.52,153.85
225.15,28.03,12.82,61.01,38.37,157.59
226.51,28.49,12.81,61.97,38.43,159.7
226.25,28.33,12.83,62.17,38.01,160.33
227.76,28.8,13.21,62.98,38.72,159.77
225.88,28.8,13.25,62.68,38.44,158.99
226.81,28.96,13.17,62.58,38.05,160.11
225.04,28.99,13.5,62.3,37.89,160.41
225.53,29.16,13.52,63.62,38.3,163.46
226.4,29.24,13.92,63.54,38.56,163.86
225.77,29.27,13.85,63.54,38.53,163.04
225.38,29.07,13.9,63.55,38.32,162.07
225.71,29.13,14.22,63.24,38.03,162.08
226.27,29.32,14.64,63.28,38.57,162.05
224.4,29.19,14.65,62.99,38.61,161.01
224.35,29.18,14.31,62.9,38.26,161.13
223.53,28.96,14.25,62.14,37.49,160.11
225.24,29.04,14.47,62.58,37.68,159.73
226.58,29.01,15.13,62.3,37.86,159.76
226.4,29.15,15.12,62.3,39.02,162.91
227.21,29.48,15.27,62.84,39.8,162.83
226.46,29.75,15.42,62.64,39.85,160.97
226.46,29.78,15.32,62.62,39.8,161.66
227.1,29.94,15.32,63.19,39.95,161.54
226.53,29.81,15.31,62.61,40.68,161.87
227.05,29.76,15.85,62.7,40.86,161.86
226.25,30.0,15.71,62.53,40.49,163.81
226.75,30.0,15.89,62.5,40.37,164.27
225.91,29.95,16.25,62.3,40.45,163.7
226.74,30.0,16.32,62.74,40.42,164.24
226.15,30.02,16.59,62.96,40.89,163.01
227.6,29.99,16.97,63.52,41.12,163.67
229.57,30.47,16.96,63.68,41.83,164.14
229.33,30.49,16.83,64.27,41.96,164.07
228.97,30.49,16.86,65.78,41.79,162.06
227.55,30.41,16.71,65.13,41.52,163.25
227.53,30.34,16.8,64.65,41.17,163.95
227.62,32.19,16.62,63.58,41.62,161.86
227.77,32.13,16.77,63.17,42.0,168.15
229.34,32.27,16.76,63.68,40.51,168.32
228.93,32.57,17.18,63.64,40.38,167.03
228.94,32.88,17.17,63.43,40.63,167.52
229.24,33.01,17.47,63.34,40.99,168.42
230.6,33.1,17.95,64.06,41.07,170.96
231.51,33.03,17.95,64.0,41.37,172.0
232.77,33.32,18.71,64.72,41.83,171.96
233.7,33.76,18.73,64.57,41.82,173.63
234.92,33.88,18.65,64.53,42.14,175.0
234.72,33.84,17.93,64.52,42.21,175.75
235.09,33.93,18.15,64.62,42.25,175.86
236.49,34.17,18.49,64.49,42.82,176.94
236.28,34.28,18.23,64.36,42.78,176.51
236.44,34.13,17.07,64.62,42.61,175.85
236.74,34.17,17.13,64.62,42.26,177.56
237.11,34.23,16.42,64.23,42.43,177.62
236.47,34.25,16.67,63.98,42.25,177.18
239.78,34.95,16.67,64.94,42.65,177.86
238.27,34.74,16.7,64.01,42.45,177.98
238.42,34.95,16.77,64.25,42.49,170.26
237.71,34.84,16.75,64.27,42.33,166.73
237.0,34.88,16.57,64.4,42.3,167.0
236.56,34.75,16.46,64.99,42.53,166.24
236.86,34.67,16.33,64.73,42.65,165.77
237.69,34.78,16.25,64.93,42.62,165.37
237.81,34.8,16.41,64.71,42.73,164.55
236.9,34.75,17.2,64.41,42.63,165.24
238.95,35.12,17.05,64.75,42.65,166.54
238.48,35.17,17.47,64.64,42.67,167.06
237.03,35.0,17.43,64.87,42.62,167.81
236.77,35.37,17.46,64.93,42.85,167.44
233.73,34.96,16.71,64.21,42.16,166.78
234.28,35.35,17.0,65.03,42.4,167.68
234.03,35.23,16.99,64.87,42.37,166.9
233.86,35.16,17.54,64.98,42.28,166.02
233.62,35.22,18.01,65.1,42.34,166.15
235.32,35.95,18.5,65.29,42.8,166.77
235.54,36.03,18.49,65.47,43.72,167.43
236.29,35.98,18.53,65.71,43.82,167.89
235.74,35.92,18.55,65.86,44.33,167.69
235.33,35.92,19.9,65.55,44.58,166.7
235.48,36.19,20.25,65.73,45.34,167.25
234.78,36.01,19.67,65.56,45.46,167.0
235.44,35.92,19.91,65.73,44.91,170.02
235.2,35.84,20.17,65.68,44.74,170.62
235.34,35.79,20.83,65.53,45.35,171.22
235.06,35.41,20.58,65.48,45.12,170.63
234.03,35.45,19.79,65.23,44.81,170.17
232.51,35.26,20.27,64.95,44.23,168.84
234.57,35.46,20.1,65.48,45.1,169.7
233.87,35.3,20.02,65.39,45.19,170.13
233.44,35.17,20.37,65.04,44.96,170.06
235.34,35.61,20.17,65.5,45.1,170.15
234.59,35.57,20.37,66.4,44.93,170.77
237.17,35.91,20.54,67.53,45.37,172.33
238.55,36.13,20.92,67.92,45.38,172.68
238.4,35.92,20.68,67.83,45.46,176.8
238.6,35.95,20.58,68.27,45.92,177.45
238.08,35.91,20.94,68.46,46.25,177.52
238.68,36.65,21.52,69.41,47.41,177.86
238.77,36.88,21.26,69.3,47.35,178.59
238.48,36.77,20.73,69.08,47.05,179.82
238.76,36.63,19.7,68.81,46.88,182.45
239.7,37.24,20.56,69.0,46.71,180.2
239.66,38.25,20.48,68.94,47.45,172.64
239.44,38.5,21.42,69.04,47.64,172.68
239.87,38.32,21.68,69.31,47.45,171.35
239.38,38.49,21.54,68.46,47.38,171.26
238.98,39.03,21.65,68.38,48.07,170.88
240.3,38.92,21.06,68.43,47.9,171.57
240.08,38.87,21.13,69.41,48.3,171.0
235.82,37.56,20.41,67.48,47.24,169.15
236.77,38.14,20.87,67.71,47.92,170.72
238.31,38.27,20.72,67.69,47.99,171.64
239.52,38.5,20.69,68.45,48.53,172.4
240.05,38.45,20.26,68.68,48.58,172.47
240.61,38.34,20.68,68.77,49.02,173.01
241.76,38.47,21.12,69.62,49.67,174.73
241.71,38.4,21.68,69.96,49.79,177.86
241.5,38.42,22.34,70.41,49.84,178.92
241.44,38.19,22.73,69.84,49.73,180.43
243.36,38.3,22.69,70.1,49.8,180.63
244.17,38.86,22.66,71.76,50.34,180.97
243.99,38.48,23.15,72.28,50.57,182.08
243.21,38.61,23.52,72.52,50.15,181.45
243.66,38.84,23.98,72.39,50.5,182.2
243.78,38.75,24.67,71.95,50.51,181.41
243.41,37.24,23.82,70.32,48.92,180.38
243.36,36.35,23.93,69.78,48.25,179.64
244.55,36.65,25.06,70.65,49.04,180.51
244.24,36.29,25.38,70.27,48.82,181.67
243.77,36.07,25.02,69.9,48.21,180.06
242.64,35.57,24.76,70.0,49.39,167.11
244.66,36.59,24.65,70.87,49.76,164.34
243.01,36.25,24.82,69.91,49.63,162.9
242.95,36.47,25.09,70.27,50.11,163.15
242.84,36.41,25.51,70.26,50.07,159.79
243.13,36.57,25.56,71.21,50.19,157.13
243.29,36.46,25.17,70.53,49.7,160.2
241.33,35.93,24.16,69.21,48.84,159.26
243.49,36.46,24.75,69.8,49.52,160.17
241.35,35.92,24.05,68.49,48.8,158.68
241.8,36.01,24.11,68.93,48.4,159.93
242.21,35.88,23.51,68.17,47.68,158.82
242.77,36.02,21.81,69.08,48.57,158.02
240.55,35.68,20.59,68.57,48.26,157.09
242.11,36.05,20.88,69.46,48.94,154.11
242.37,36.27,21.07,69.98,49.82,151.0
242.19,36.38,21.81,69.99,49.71,151.11
244.01,36.44,21.97,71.15,50.33,151.75
244.42,36.94,21.56,71.77,50.03,153.6
245.56,37.26,21.85,72.78,50.09,153.0
245.53,37.39,21.3,73.35,50.5,152.84
245.66,37.52,21.88,73.3,51.22,151.5
246.99,37.76,21.68,73.86,51.34,151.24
247.1,37.59,21.99,74.22,51.44,150.99
246.88,37.57,21.89,73.79,51.28,150.44
246.82,38.02,22.83,73.6,51.95,151.0
247.42,38.19,22.64,74.19,51.99,153.17
247.43,38.37,22.92,74.05,52.64,152.09
247.2,37.64,22.3,73.16,52.3,152.52
246.91,37.38,22.34,73.04,51.0,152.89
246.77,37.18,21.56,72.7,49.39,158.51
247.32,37.51,21.3,72.58,49.81,159.72
247.44,39.28,21.73,72.26,49.79,161.28
246.96,38.89,23.14,72.15,49.35,157.91
247.41,39.1,23.79,72.68,49.38,156.44
247.87,39.7,23.68,72.4,49.61,156.95
247.26,40.02,24.35,72.79,49.49,157.75
247.25,40.27,24.24,72.47,49.1,156.86
243.76,38.83,23.69,71.41,47.85,156.64
244.12,39.37,23.86,72.5,48.4,156.65
246.54,39.96,24.25,73.59,49.17,157.91
246.51,40.4,24.16,73.22,49.14,156.88
246.94,40.24,24.19,73.65,48.91,159.76
243.09,39.47,23.46,72.4,48.03,158.57
242.71,39.38,23.16,72.49,47.92,157.08
242.9,39.3,22.52,72.15,47.66,157.07
245.44,39.95,22.76,73.16,48.35,158.7
244.56,39.99,23.52,72.72,47.9,159.37
243.99,39.82,23.53,72.69,47.62,151.33
244.56,39.97,23.2,72.82,47.26,152.45
244.57,40.37,23.04,72.83,47.3,152.55
244.85,40.73,23.16,73.05,47.7,153.56
246.01,40.84,23.55,74.01,48.38,154.44
247.49,41.0,23.73,74.77,49.03,156.74
247.84,41.01,23.69,73.94,48.91,158.24
246.06,40.52,23.31,73.61,48.26,159.14
246.9,40.48,22.97,73.4,48.39,158.86
246.87,40.32,23.37,74.34,48.97,159.28
246.58,39.66,22.89,73.98,48.3,157.31
249.21,40.38,24.25,74.76,48.9,157.36
250.05,40.22,24.18,74.68,49.13,160.04
250.17,39.91,24.42,75.21,49.98,162.99
250.09,39.57,25.18,74.77,49.61,162.37
249.19,39.97,25.32,75.31,49.34,162.3
249.72,39.67,25.67,75.16,48.71,160.91
249.97,39.68,25.01,75.44,48.49,161.56
250.06,39.02,24.93,74.94,48.66,162.85
249.39,38.35,24.43,74.21,48.23,161.48
249.44,37.97,23.41,74.41,47.76,161.29
248.93,37.64,23.0,73.26,46.99,162.33
249.08,38.28,23.02,73.26,46.93,164.07
250.05,38.56,22.73,73.85,47.54,164.42
250.35,38.32,22.64,73.87,47.82,163.9
251.23,38.53,22.74,74.49,48.07,164.29
252.32,38.45,22.77,74.61,47.96,165.89
252.86,38.62,23.21,74.26,47.86,165.08
253.16,38.37,23.67,74.69,48.27,165.21
254.66,38.85,23.69,75.97,49.04,167.07
254.37,38.83,23.79,76.0,49.48,157.09
253.95,38.96,22.86,76.29,49.55,154.61
254.62,38.98,23.71,76.29,49.36,156.87
255.02,39.14,23.64,76.42,49.75,157.87
254.64,39.0,23.71,77.12,50.05,157.22
254.95,39.25,23.7,77.49,50.15,159.85
255.29,39.97,23.37,77.65,50.32,158.81
255.47,40.12,23.72,77.59,50.46,158.38
255.72,39.94,23.98,77.61,49.85,157.55
255.79,38.99,23.45,77.91,49.33,158.46
257.11,39.06,23.01,78.81,49.15,160.77
256.11,39.04,22.47,78.83,48.32,162.04
256.56,39.28,22.49,78.86,48.8,162.29
255.29,39.1,21.72,78.63,48.65,162.18
255.62,39.35,21.74,78.76,48.62,162.46
257.71,40.76,21.39,83.81,55.05,162.38
256.75,41.68,21.34,83.89,55.54,160.23
257.15,42.26,22.1,83.18,55.26,161.08
257.49,41.72,21.41,83.18,55.18,162.69
257.59,42.03,19.95,84.05,54.71,164.95
258.45,43.13,20.41,84.14,55.58,166.44
258.85,43.56,20.19,84.47,56.03,165.05
258.67,43.7,20.4,84.27,56.16,166.28
259.11,44.06,20.29,84.56,56.64,169.05
258.17,43.97,20.2,84.09,56.46,169.11
258.09,43.67,20.2,83.87,56.27,171.36
258.33,43.49,21.03,83.93,56.46,171.46
257.73,42.84,20.58,84.05,56.84,171.44
256.44,42.27,20.75,82.98,56.33,169.0
258.62,42.78,20.83,83.2,56.86,170.98
257.86,42.54,21.0,82.4,56.49,170.98
258.3,42.5,20.58,82.53,56.32,172.28
259.99,43.29,21.19,83.72,56.97,173.42
259.76,43.74,20.84,83.11,57.81,172.48
260.23,43.52,21.12,83.87,59.79,172.61
262.87,43.27,21.17,84.88,59.68,173.65
262.71,42.37,20.5,83.34,58.06,177.53
265.01,42.96,20.59,84.17,58.84,184.43
264.46,42.76,20.44,84.26,58.12,185.13
264.14,42.45,20.35,81.08,56.7,189.56
263.19,42.41,20.25,81.59,57.08,187.82
263.24,42.25,20.88,82.78,57.62,187.22
264.07,42.33,20.75,82.49,57.99,186.2
265.51,42.34,21.01,84.16,58.1,188.07
266.31,43.17,21.93,85.23,58.45,188.86
266.78,42.93,22.74,85.58,58.25,188.3
266.75,43.07,22.6,85.35,58.21,188.28
265.66,43.06,22.53,84.69,58.71,186.53
266.51,43.49,22.9,86.85,58.96,192.73
268.2,44.11,22.59,86.38,59.53,192.31
267.17,43.64,22.07,85.83,59.37,188.33
267.03,43.59,21.93,85.52,58.88,187.51
267.58,43.75,22.11,85.5,58.74,186.8
267.51,43.75,21.68,85.51,58.42,186.63
267.19,42.64,21.15,85.4,58.84,186.55
267.32,42.65,20.78,85.71,59.11,186.3
267.87,42.77,21.02,85.72,59.31,186.62
266.86,42.31,20.76,85.54,58.47,186.12
268.77,43.07,21.37,85.95,59.45,188.32
270.47,43.06,21.15,86.35,60.21,190.58
271.61,43.26,20.97,87.11,60.48,189.1
273.42,43.75,21.11,88.19,61.46,187.75
273.92,43.59,22.43,88.28,62.34,188.48
274.54,43.58,22.25,88.22,62.64,186.29
274.12,43.57,22.32,87.82,62.72,185.42
276.12,43.82,22.53,88.08,63.83,189.38
277.92,44.27,22.41,89.6,65.26,191.84
276.97,44.05,22.67,88.35,65.24,191.53
279.61,44.78,23.14,90.14,64.75,192.29
279.14,44.82,22.97,90.1,64.67,191.51
280.41,44.62,23.33,90.0,64.73,192.29
282.69,44.25,23.44,91.61,66.37,194.38
283.29,44.26,23.52,91.9,68.13,193.42
283.18,43.56,23.06,91.82,67.88,194.24
283.3,42.78,22.51,92.33,68.9,197.95
286.58,42.88,22.86,94.06,70.1,198.91
284.68,41.99,23.3,93.92,70.88,198.32
281.76,41.74,23.05,92.74,71.89,197.91
281.9,41.86,23.62,95.01,72.54,194.87
281.58,41.95,23.28,94.26,69.5,193.47
275.45,40.13,22.92,91.78,71.5,190.99
263.93,39.12,22.21,88.0,69.5,182.77
269.13,40.76,22.26,91.33,72.14,185.01
267.67,39.89,23.0,89.61,70.84,183.19
257.63,38.79,21.02,85.01,67.53,178.61
261.5,39.1,20.69,88.18,66.98,180.72
265.34,40.68,21.05,89.13,69.31,181.06
266.0,41.09,21.58,89.83,70.73,184.15
269.59,41.84,21.49,90.81,72.55,187.35
273.03,43.25,22.27,92.66,73.09,191.48
273.11,43.11,22.37,92.0,72.43,191.56
271.4,42.96,22.32,92.72,73.42,188.12
270.05,42.77,22.22,91.49,74.15,185.75
270.4,43.13,23.08,91.73,74.27,186.59
274.71,43.88,23.47,94.06,75.0,189.81
277.9,44.74,23.83,95.42,76.1,192.81
274.43,44.6,23.4,94.2,75.6,190.1
271.65,44.53,22.87,93.77,75.62,190.9
267.7,43.75,22.06,92.85,74.67,189.03
269.08,44.05,22.34,93.05,75.01,189.33
272.19,44.21,22.22,93.64,76.18,191.48
272.88,44.17,21.88,93.32,76.88,191.46
272.78,43.76,22.15,93.86,77.25,187.36
274.1,44.24,21.94,94.43,77.59,185.69
278.87,45.0,21.81,96.54,78.94,188.58
278.52,45.43,23.03,96.77,79.92,189.37
276.72,44.99,22.79,94.41,79.41,187.46
275.3,44.61,21.78,93.85,79.55,184.63
275.0,44.66,21.71,94.18,79.12,185.51
274.2,44.51,21.42,94.6,78.58,185.87
270.49,43.83,20.9,92.89,77.25,184.15
270.95,43.81,20.7,93.13,79.33,187.35
270.43,42.82,21.1,92.48,79.09,186.07
263.67,42.21,20.61,89.79,77.25,182.64
258.05,41.24,20.1,87.18,74.78,180.84
265.11,43.19,20.28,93.78,77.79,187.22
260.6,42.09,18.61,89.47,74.85,183.15
259.83,41.62,17.19,89.39,71.57,183.61
263.15,41.95,17.74,91.27,72.37,188.43
257.47,41.67,16.83,88.52,68.6,182.75
260.77,42.1,17.84,89.71,69.6,182.61
263.56,42.9,19.13,92.33,70.53,185.52
265.64,43.2,20.38,92.38,72.59,186.25
259.72,42.1,19.95,90.23,70.26,183.96
261.0,42.51,19.31,90.77,70.3,184.41
265.15,43.31,20.31,92.88,71.81,183.55
263.76,43.11,20.06,91.86,71.35,184.65
265.93,43.54,19.61,93.58,72.43,188.82
265.15,43.68,20.02,93.08,71.54,188.91
267.33,43.96,19.41,94.17,72.08,194.58
270.19,44.56,19.18,96.07,75.19,194.58
270.39,44.46,19.56,96.44,76.39,196.51
268.89,43.2,20.01,96.11,77.85,195.07
266.61,41.43,19.35,95.0,76.37,193.56
266.57,41.31,18.89,95.35,75.89,193.35
262.98,40.74,18.9,93.12,73.0,192.51
263.63,40.91,18.71,92.31,73.01,193.97
266.31,41.06,19.03,94.26,75.9,195.26
266.56,40.58,19.61,95.82,78.63,196.58
264.51,41.32,19.59,93.52,78.31,197.16
264.98,42.28,19.99,95.0,79.11,196.55
263.2,44.14,20.08,93.51,78.48,194.0
262.62,44.22,18.96,94.07,78.6,193.01
266.02,45.96,19.61,95.16,79.05,195.19
266.92,46.29,20.18,96.22,80.01,193.06
266.92,46.51,20.13,95.81,79.62,194.48
269.5,46.84,20.46,96.94,80.4,196.04
272.02,47.51,20.33,97.91,80.45,195.45
272.85,47.15,20.07,97.7,80.15,195.76
272.98,47.04,19.46,98.03,80.08,195.88
271.1,46.61,18.95,97.32,78.81,195.48
272.24,47.05,19.1,97.15,79.36,198.71
272.01,46.75,18.97,96.18,79.09,199.6
271.33,46.58,18.97,96.36,78.72,199.6
273.37,46.91,18.97,97.6,79.27,199.62
272.61,46.79,18.33,97.5,79.07,198.97
273.36,47.09,18.6,98.66,80.09,198.14
272.8,47.04,18.52,98.31,80.15,198.89
272.15,47.15,18.59,98.36,80.51,198.36
269.02,46.98,18.92,98.01,80.64,196.74
272.61,46.88,19.45,98.95,81.24,199.64
270.94,46.88,18.98,98.84,81.48,199.64
273.6,47.56,19.45,100.79,82.08,197.13
274.9,47.96,19.78,101.67,83.26,198.62
275.1,48.33,19.41,102.19,84.82,197.84
277.4,48.5,21.3,102.49,84.79,197.66
277.37,48.37,21.07,100.88,84.47,202.57
278.19,47.93,21.18,101.63,84.2,203.76
278.56,47.81,22.14,101.05,84.46,204.5
278.92,48.07,22.85,101.31,84.94,204.88
278.03,47.68,22.99,100.85,85.24,204.11
278.73,47.7,23.85,101.42,86.19,205.12
277.13,47.21,23.88,100.13,85.8,207.32
276.56,47.19,24.72,100.86,86.19,206.21
275.5,46.42,23.5,100.86,86.74,207.53
275.97,46.63,24.15,101.87,87.5,207.98
274.24,46.37,23.17,101.14,86.51,209.96
274.74,46.23,22.24,100.41,85.78,211.1
271.0,45.54,22.2,98.39,83.16,211.75
271.6,46.11,22.8,99.08,84.55,210.09
269.35,46.04,22.97,97.54,83.03,210.03
270.89,46.38,23.33,98.63,85.07,208.71
271.28,46.28,22.86,98.61,84.99,208.98
271.86,46.8,22.34,100.01,85.69,207.99
270.9,45.98,20.72,99.05,84.7,207.12
273.11,46.35,20.61,99.76,84.99,209.14
275.42,46.99,20.59,101.16,85.53,209.62
277.9,47.65,21.23,101.85,86.95,210.94
278.9,47.59,21.5,102.12,87.15,211.7
276.86,46.97,21.26,101.98,87.75,210.95
279.37,47.76,21.11,104.19,89.83,214.02
279.59,47.83,21.26,105.43,90.65,216.54
279.34,47.73,20.67,104.91,91.12,214.85
280.47,47.86,21.51,105.95,92.2,215.0
281.06,47.6,21.59,105.12,92.15,214.97
280.0,47.97,21.35,104.4,90.65,217.54
279.68,47.86,20.91,106.27,90.69,218.69
280.2,47.86,20.21,107.97,90.1,218.84
281.61,48.25,19.83,107.66,91.46,218.58
284.01,48.71,20.58,110.83,93.18,220.7
283.34,48.55,20.44,109.62,90.4,221.72
281.42,47.75,19.81,107.68,90.86,219.65
279.95,47.48,19.34,105.37,88.96,219.11
281.33,47.57,19.88,106.08,88.87,218.71
280.86,50.38,20.06,106.28,89.86,217.13
282.39,51.85,23.3,107.57,91.72,221.12
283.6,52.0,23.21,108.04,91.16,222.03
284.64,52.27,22.8,108.13,92.39,222.72
285.58,51.78,25.3,108.88,93.12,223.86
285.46,51.81,24.69,109.49,94.33,224.58
285.07,52.22,23.5,109.67,94.93,218.24
283.16,51.88,23.7,109.0,94.32,220.31
282.1,52.22,23.76,108.21,94.81,219.56
283.9,52.44,23.18,109.56,95.98,222.0
281.78,52.56,22.58,107.66,94.13,221.67
284.06,53.33,22.36,107.64,94.33,223.19
285.06,54.4,20.37,107.58,94.11,225.68
285.67,53.87,20.56,106.87,93.84,227.35
286.34,53.76,21.46,105.98,94.17,228.54
286.17,53.76,21.44,107.06,95.25,229.21
285.79,53.87,21.34,107.56,95.15,229.51
287.51,54.04,21.52,108.4,95.27,231.28
289.78,54.49,21.28,109.6,96.38,230.03
289.92,54.93,20.79,110.26,96.64,230.26
291.48,55.75,20.33,112.02,99.91,230.19
290.3,56.26,20.21,111.95,100.12,230.83
290.31,56.91,20.11,112.33,100.64,233.13
289.81,57.09,19.26,111.71,101.98,234.68
289.03,56.72,18.72,108.49,99.74,235.61
288.16,55.78,18.73,108.74,97.92,236.68
287.6,55.33,17.55,108.21,97.6,241.46
288.1,54.58,19.03,109.38,96.95,243.18
289.05,55.96,18.63,111.24,99.36,244.21
289.12,55.27,19.37,111.71,99.5,242.44
290.83,56.6,19.3,112.91,99.49,241.27
290.88,55.96,19.68,113.37,98.51,235.38
289.34,54.47,19.66,112.14,95.4,232.0
290.91,54.56,19.0,113.21,97.05,234.35
291.22,54.59,19.93,111.7,96.32,233.85
293.58,55.01,19.89,113.57,97.22,233.92
291.99,54.42,19.94,114.26,95.75,234.76
291.02,55.2,19.98,114.67,96.72,233.34
290.75,55.55,20.07,114.45,98.73,232.93
289.88,55.11,20.64,113.98,98.74,233.81
290.69,56.24,20.5,114.41,100.65,234.0
290.72,56.44,17.65,114.37,100.15,234.88
291.73,56.82,20.71,115.61,100.22,234.65
291.56,57.32,20.07,115.15,98.57,236.35
291.72,58.02,19.65,115.17,97.64,233.2
289.44,57.0,18.79,112.79,95.47,231.68
287.82,56.07,17.46,112.13,94.48,218.82
287.82,55.94,16.7,110.85,93.22,223.93
287.4,56.72,17.52,112.26,93.52,224.17
278.3,54.09,17.13,106.16,87.76,221.05
272.17,53.61,16.82,105.91,85.97,221.82
275.95,55.53,17.25,109.57,89.43,226.95
274.4,54.34,17.31,107.6,88.05,224.51
280.4,55.54,18.44,111.0,91.0,227.68
280.45,55.3,18.12,110.71,91.59,228.49
276.4,54.01,17.59,108.5,88.54,228.58
276.25,54.83,17.33,108.66,88.2,229.67
275.01,55.16,17.4,109.63,89.47,229.06
273.61,55.68,19.61,108.1,88.44,228.75
265.32,53.77,19.23,102.32,83.21,223.76
270.08,54.95,20.99,108.3,89.11,226.4
265.33,54.08,22.06,106.96,82.14,218.19
263.86,53.06,22.32,103.85,76.94,222.42
267.77,53.33,21.99,103.73,76.52,227.92
270.63,54.72,22.49,106.81,79.9,228.63
273.51,55.56,22.95,105.92,83.28,229.6
271.89,51.87,23.09,106.16,83.28,230.16
273.39,50.4,22.76,107.51,81.39,234.45
275.12,50.94,22.74,107.72,82.14,236.71
281.01,52.49,23.21,111.96,87.77,240.37
280.5,52.12,23.43,111.75,87.75,238.7
277.76,51.12,23.37,109.57,85.62,237.74
272.57,48.54,22.09,106.87,81.84,234.48
272.06,48.06,22.58,106.94,81.56,234.14
270.2,46.7,22.93,104.97,79.95,233.31
273.02,47.85,23.23,107.28,80.97,229.94
273.73,48.38,23.62,108.29,79.67,231.02
269.1,46.47,23.56,104.62,75.61,228.74
264.12,44.25,23.17,101.71,74.77,219.31
265.02,44.2,22.55,103.11,75.84,218.57
263.25,43.07,21.72,103.07,75.1,220.06
267.5,43.66,23.07,106.47,79.07,219.45
268.4,43.56,22.93,107.14,79.07,223.01
274.58,45.24,23.19,111.12,83.89,230.34
273.98,44.89,22.74,110.19,83.68,231.0
275.65,44.65,23.37,110.89,84.51,231.28
279.3,46.21,23.9,112.09,88.62,232.08
270.25,44.17,23.98,108.52,83.42,226.35
269.84,43.68,24.2,109.19,84.96,233.2
263.57,42.12,23.86,104.82,81.46,224.86
264.07,42.4,24.34,107.59,82.05,222.66
264.13,42.16,24.45,108.59,82.16,226.5
265.46,42.28,24.44,109.08,83.18,227.8
265.37,42.74,25.12,109.45,82.92,226.51
260.47,41.37,24.38,106.03,79.6,207.06
255.36,40.99,23.23,102.89,76.05,202.23
255.08,41.52,22.47,103.97,77.57,202.99
251.26,40.22,22.2,103.69,74.75,201.41
247.17,39.21,21.03,101.51,73.04,197.13
240.7,37.68,21.32,98.23,68.87,194.52
234.34,36.71,19.69,94.13,67.2,189.99
246.18,39.29,21.74,100.56,73.55,198.63
248.07,39.04,21.08,101.18,73.08,201.08
247.75,39.06,22.26,100.39,73.9,202.04
249.92,39.44,22.19,101.57,75.1,203.71
250.18,39.48,20.67,101.12,76.96,204.76
244.21,35.55,20.02,97.4,75.01,200.42
252.39,37.07,21.18,101.93,78.77,206.24
254.38,36.98,22.33,102.06,81.48,207.0
256.77,37.69,22.36,102.8,82.83,208.55
257.97,38.33,22.57,104.27,82.97,209.9
258.88,38.45,23.0,103.6,82.81,210.64
258.98,38.07,23.15,102.8,82.03,210.51
257.4,37.5,22.29,102.05,80.86,209.0
260.35,38.27,22.96,105.01,83.73,211.03
260.98,38.74,23.07,105.38,84.19,210.18
262.96,38.97,23.15,106.12,84.66,211.46
266.46,39.21,20.15,107.71,84.81,213.59
262.86,38.33,19.93,105.68,81.61,212.4
263.41,38.48,19.17,106.71,82.0,212.09
263.55,38.17,19.43,106.2,82.75,210.31
265.78,39.44,19.8,107.17,83.53,209.07
263.76,39.08,19.76,105.08,81.89,210.77
263.41,38.67,19.83,102.94,79.69,210.31
267.58,41.31,20.58,106.38,83.52,211.35
269.93,41.61,20.47,104.43,85.94,214.63
270.06,41.63,20.81,102.78,81.31,210.27
271.96,42.81,20.86,105.74,81.67,211.18
273.1,43.55,21.42,107.22,82.94,211.61
272.74,43.56,21.15,106.03,82.01,211.6
270.14,42.74,20.5,105.27,80.72,209.05
270.47,42.6,20.39,105.67,79.41,207.75
270.62,42.36,20.86,105.25,79.55,208.72
274.1,42.72,20.79,106.89,81.9,211.9
274.99,42.55,20.54,106.81,82.0,212.8
274.38,42.7,20.25,106.9,81.13,213.84
277.37,42.61,20.53,108.22,80.4,216.47
277.85,42.73,20.38,108.17,81.38,218.12
278.41,43.01,20.17,107.15,81.11,217.11
277.42,42.77,19.42,109.41,80.97,215.23
279.14,43.24,19.65,110.97,81.58,216.29
279.52,43.56,19.92,111.59,81.65,217.05
279.32,43.58,19.86,112.36,81.82,217.61
279.2,43.72,20.98,112.17,82.05,218.05
278.68,43.29,21.33,112.03,81.99,218.74
280.42,43.74,19.65,112.53,83.59,219.44
279.4,43.96,19.02,112.26,84.81,218.41
279.02,43.88,18.44,111.7,84.62,219.82
277.33,43.63,18.42,111.75,83.45,219.23
275.01,43.13,18.44,110.39,81.3,216.79
274.46,43.23,18.94,110.51,81.04,227.82
278.44,44.73,19.39,112.83,83.53,229.69
279.49,45.23,18.89,113.62,83.66,232.96
281.34,45.43,19.26,114.5,84.54,236.38
281.16,45.93,19.33,114.59,84.31,233.84
281.31,46.53,18.36,115.91,85.62,233.6
282.33,47.01,17.97,117.57,87.11,236.59
282.4,46.63,17.83,117.65,88.09,237.05
281.55,47.04,18.24,117.52,89.86,236.98
284.73,48.77,18.27,120.22,90.96,239.54
279.25,47.76,17.64,117.05,88.24,237.56
279.04,47.19,17.36,117.66,88.71,236.97
281.12,46.7,17.85,117.91,89.19,239.07
279.65,47.12,18.32,116.77,88.29,239.41
280.71,47.18,18.57,116.93,88.67,241.22
282.48,47.49,18.66,117.94,89.04,242.14
285.83,47.81,19.28,119.02,90.71,244.19
285.97,48.51,19.06,119.19,90.7,240.5
286.42,48.84,19.45,119.97,91.04,242.48
287.18,48.92,17.85,119.36,90.94,244.4
288.57,49.25,18.33,119.89,91.86,245.87
288.79,50.03,18.21,119.93,92.49,246.52
287.31,49.88,18.15,119.28,91.79,244.91
288.29,50.16,18.4,120.19,92.37,245.61
288.21,49.74,17.89,120.33,92.2,241.24
290.16,49.72,17.85,120.95,92.15,241.95
289.97,49.81,17.76,121.05,92.24,246.33
290.16,49.81,18.22,120.77,93.15,245.34
289.45,50.78,18.08,121.77,93.24,245.56
290.02,50.97,18.22,123.37,93.08,245.81
290.27,51.13,17.52,123.76,94.37,243.42
292.88,51.87,17.59,125.44,96.19,245.58
292.23,51.79,17.24,125.01,95.09,247.96
292.05,51.32,16.51,129.15,95.11,245.6
293.41,51.08,15.68,129.89,97.53,243.82
293.87,51.15,16.1,129.77,96.92,244.28
294.02,50.17,15.91,130.6,96.33,245.53
291.81,52.63,15.6,127.88,95.58,241.59
291.18,52.29,16.27,126.21,95.04,242.69
294.03,52.94,17.0,128.9,98.12,244.62
292.82,52.12,17.02,128.15,97.53,244.23
287.93,50.72,16.47,125.52,96.05,240.18
287.53,50.73,16.32,125.51,95.89,241.34
286.66,50.18,16.13,125.5,94.99,243.47
288.1,49.3,15.97,127.13,94.5,247.02
280.86,46.43,15.13,123.35,91.13,241.92
283.4,47.17,15.49,124.73,92.01,242.73
285.06,47.73,15.46,126.02,93.56,244.67
287.7,47.52,15.22,128.93,95.38,247.44
285.84,47.25,14.07,128.07,93.45,248.35
283.95,45.77,13.69,126.22,92.95,248.9
286.51,46.65,13.67,126.9,92.88,249.93
285.63,45.7,12.85,127.67,92.98,249.51
282.14,44.92,13.03,126.18,90.77,248.53
282.78,44.74,12.71,126.24,91.16,247.3
280.15,44.56,12.58,126.16,91.82,246.31
278.27,44.35,12.66,124.94,90.96,240.69
279.03,44.58,12.55,125.73,90.82,241.54
275.27,43.77,12.34,123.68,88.75,239.58
274.57,43.33,11.93,119.84,84.63,241.07
280.53,44.91,12.91,123.16,86.48,245.61
282.96,45.64,13.11,125.83,86.93,247.96
284.8,46.31,13.73,127.82,87.72,251.21
287.65,47.54,13.63,131.4,90.2,256.01
288.97,48.15,14.19,132.6,93.03,256.85
288.9,48.7,14.47,132.1,93.19,257.11
288.39,48.55,13.95,131.49,92.77,257.23
289.58,48.54,14.26,132.32,93.52,259.71
289.26,48.19,14.33,132.45,93.48,260.15
289.37,48.47,15.0,132.85,94.3,261.43
292.4,49.61,14.98,135.16,95.07,262.74
293.06,49.47,15.1,135.69,95.44,263.66
295.86,49.87,14.64,136.95,95.91,267.35
294.0,49.7,14.79,136.97,95.57,266.13
293.64,49.65,14.91,137.78,95.7,266.77
290.76,48.89,14.65,133.43,93.91,266.36
290.47,49.95,14.62,133.93,94.89,264.41
291.5,49.94,14.86,134.15,95.21,265.58
293.0,49.48,14.9,133.96,94.68,264.26
295.66,50.39,15.14,135.68,96.11,263.55
296.43,50.68,14.97,136.58,96.72,265.47
298.8,51.1,15.66,137.46,96.95,269.14
298.46,51.06,15.54,137.06,97.15,268.25
296.82,50.01,15.36,136.96,97.62,269.4
297.19,50.31,15.34,136.46,99.42,269.97
298.61,50.81,15.93,137.85,100.87,271.42
299.31,50.44,15.91,138.4,100.05,276.54
300.65,50.83,16.34,138.9,100.55,279.44
300.75,51.3,16.9,138.9,101.05,280.58
299.71,51.13,16.83,137.08,100.5,280.65
297.74,50.84,16.99,136.27,99.6,281.56
298.83,51.42,16.9,136.42,98.9,282.91
297.17,50.65,17.21,136.62,98.23,281.51
297.9,51.81,17.05,138.43,99.28,280.17
300.03,52.21,17.34,139.29,99.72,280.1
301.44,52.17,17.66,140.72,100.04,280.83
300.0,51.76,15.25,140.19,98.69,279.8
302.01,51.94,15.2,141.34,97.15,281.37
301.46,52.42,15.72,141.03,95.62,280.13
300.72,52.2,16.15,140.35,94.93,279.5
297.43,53.26,16.11,136.27,93.34,275.63
294.84,52.11,15.59,138.06,92.77,274.57
292.62,51.01,15.62,136.9,91.16,272.5
283.82,48.34,15.22,132.21,88.26,265.1
287.8,49.25,15.38,134.69,89.39,269.31
287.97,49.76,15.56,135.28,89.67,274.3
293.62,50.86,15.89,138.89,91.64,274.8
291.62,50.25,15.67,137.71,90.38,273.94
288.07,50.12,15.27,135.79,89.25,271.31
292.55,52.24,15.67,138.6,91.22,276.26
283.9,50.69,14.64,133.98,88.15,268.15
284.65,50.44,14.38,133.68,88.81,271.52
288.85,51.63,14.66,136.13,89.63,274.1
292.33,52.59,15.12,138.41,90.81,275.61
290.09,52.59,15.06,137.26,90.07,272.97
292.45,53.16,14.72,138.79,91.18,275.68
292.36,53.12,14.81,137.78,90.28,279.92
284.85,50.66,14.09,133.39,87.48,274.01
288.0,51.62,14.33,135.45,88.44,278.46
286.87,51.04,14.27,135.74,88.09,292.38
288.89,51.38,14.37,135.56,88.21,294.49
292.58,52.25,14.78,138.12,89.32,296.57
292.45,52.19,15.04,137.86,88.81,294.76
290.74,51.43,15.0,136.04,89.49,292.05
294.04,52.3,14.71,137.63,90.03,296.12
297.82,53.32,15.31,140.05,92.04,296.97
298.05,53.32,15.16,139.1,91.68,303.76
298.2,53.54,15.45,137.52,91.57,299.0
298.13,54.18,15.7,136.08,91.03,297.0
300.25,55.9,16.47,136.12,91.15,290.69
301.29,55.77,16.39,137.52,92.18,289.89
301.09,54.69,16.35,137.32,91.97,291.9
300.16,54.98,16.19,136.33,90.39,288.69
300.92,55.18,16.32,137.39,91.13,291.41
301.1,55.69,16.23,138.52,90.87,292.43
301.08,55.24,16.44,141.07,91.08,287.83
298.28,54.43,16.04,139.44,89.71,286.36
298.21,54.68,16.08,139.14,89.27,287.57
295.87,54.42,14.88,137.38,87.08,287.91
297.62,55.26,15.25,139.36,88.42,288.51
297.0,54.97,16.17,139.54,86.99,288.26
295.4,54.71,16.14,137.73,86.27,285.95
296.77,55.99,16.06,139.03,86.8,288.11
293.24,56.15,16.31,137.07,86.78,283.93
288.06,54.74,16.21,134.65,85.66,285.11
290.42,55.21,15.54,136.28,86.22,289.0
294.35,56.75,15.43,138.12,86.98,291.67
293.08,56.77,15.85,137.12,86.63,293.41
288.53,56.1,16.0,135.67,85.28,291.89
291.27,56.76,16.3,138.24,86.1,296.9
293.24,57.52,16.32,139.1,86.01,297.14
296.28,59.05,16.53,139.68,86.6,297.6
295.95,58.97,17.13,139.55,86.82,297.52
298.88,58.83,17.19,141.57,88.37,298.39
298.4,58.59,17.32,140.41,88.87,298.78
299.28,58.82,17.46,139.69,89.37,302.4
297.97,59.1,17.13,137.41,87.88,302.86
299.99,60.13,16.9,138.43,89.28,301.08
299.01,59.99,17.04,136.37,88.29,299.97
299.88,60.8,16.98,137.24,88.11,297.32
300.37,60.9,19.98,139.94,89.04,297.05
301.6,61.65,21.88,140.73,88.07,296.5
303.3,62.26,21.85,144.19,88.85,298.94
303.21,60.82,21.08,142.83,88.14,295.86
304.14,60.82,21.0,144.61,89.0,299.84
303.33,62.19,20.99,143.37,88.83,297.11
306.14,63.96,20.89,143.72,89.57,296.09
307.37,64.38,21.16,144.55,90.23,296.82
307.03,64.28,21.15,144.46,90.09,299.18
307.1,64.31,21.77,144.06,89.79,301.57
308.18,64.86,22.37,144.26,89.41,305.21
308.94,65.04,22.48,145.96,89.29,302.62
308.35,65.55,23.01,146.11,88.58,300.84
309.0,65.49,23.33,147.07,88.9,300.5
309.1,66.12,23.07,147.31,87.66,302.9
309.55,65.66,23.29,148.06,87.73,304.59
311.79,66.44,23.48,149.97,86.97,303.66
312.02,66.78,23.33,150.34,87.63,304.54
311.93,66.57,23.97,150.39,87.64,302.24
310.77,65.8,23.48,149.62,87.28,300.57
310.27,65.5,23.66,149.48,86.74,300.27
310.96,65.44,22.2,149.59,87.29,299.31
313.37,66.59,22.42,151.23,88.69,299.05
314.08,66.07,21.93,152.03,89.85,301.24
315.48,66.96,22.09,152.32,90.93,300.76
314.31,66.81,22.0,151.38,90.04,299.81
311.64,66.04,22.32,149.55,89.08,297.39
309.55,64.86,22.41,149.31,88.5,295.67
311.46,65.44,22.2,149.85,88.03,296.52
312.02,66.4,22.02,149.93,87.02,293.1
314.87,67.68,22.39,151.75,87.58,294.95
313.88,66.73,22.64,151.75,87.48,295.16
313.53,67.12,23.26,151.13,86.96,295.78
314.42,67.69,23.51,151.7,87.44,295.3
317.13,67.86,23.98,153.24,88.02,297.34
317.32,68.79,23.89,154.53,88.05,291.87
319.5,69.97,25.43,155.53,88.46,293.5
319.57,70.1,25.27,154.69,89.53,295.55
319.59,69.94,26.21,154.37,89.2,291.87
320.9,70.01,26.94,155.71,89.61,293.71
320.73,69.86,27.04,157.41,89.33,294.83
321.22,71.0,27.95,157.41,89.65,293.31
321.23,71.07,28.35,157.38,89.46,294.23
322.94,72.48,28.73,158.67,93.44,295.73
322.86,72.45,28.69,158.96,93.49,294.11
321.08,72.88,27.65,157.59,92.34,295.14
321.86,73.41,27.89,157.7,92.39,293.92
324.87,75.09,28.68,160.62,94.9,291.49
322.41,74.36,29.53,158.62,93.75,291.73
323.64,74.95,30.1,159.03,95.14,291.81
322.73,74.6,31.27,157.58,95.34,291.35
324.45,75.8,32.81,160.09,94.6,294.69
326.65,77.41,32.09,162.09,95.05,299.42
325.71,77.58,31.88,161.34,94.16,297.24
327.95,79.24,34.99,163.28,94.57,299.87
327.45,78.17,35.86,162.13,93.47,299.75
328.19,77.83,34.57,163.18,93.1,300.82
330.92,78.81,34.23,166.17,93.9,303.03
331.95,79.68,34.03,167.1,93.24,304.68
331.3,79.14,36.48,166.5,94.6,313.26
331.34,79.43,37.97,165.7,94.37,311.89
331.72,79.81,38.15,166.72,94.23,312.88
328.77,79.58,37.65,165.04,93.08,310.51
323.5,77.24,37.2,162.28,91.42,309.45
326.89,79.42,37.79,165.46,92.66,310.85
326.62,81.08,38.73,168.04,92.9,309.58
327.68,80.97,42.72,172.78,93.53,309.47
321.73,77.38,43.37,170.23,100.44,305.52
324.12,77.17,52.0,174.38,100.21,302.0
329.06,79.71,59.14,180.12,102.48,304.9
332.86,80.36,48.98,179.9,101.99,308.95
333.98,81.3,49.93,183.63,102.51,310.61
332.2,80.01,49.87,183.89,103.96,313.63
334.68,80.39,51.42,188.7,106.7,313.79
335.26,79.9,51.63,184.44,107.54,310.68
337.42,81.8,51.15,184.71,108.0,315.12
337.06,81.22,53.6,183.71,107.49,318.2
337.6,81.24,53.34,185.35,106.74,318.31
336.73,79.75,57.23,187.23,107.78,322.05
338.34,80.91,61.16,187.28,108.51,323.02
336.95,80.08,59.96,184.42,107.66,324.08
333.48,78.26,60.07,178.59,104.8,321.95
322.42,74.55,55.59,170.89,100.46,313.62
312.65,72.02,53.33,168.07,98.64,304.87
311.5,73.16,51.92,170.17,98.98,305.69
297.51,68.38,45.27,158.18,94.22,293.13
296.26,68.34,44.53,162.01,94.19,281.14
309.09,74.7,49.57,172.79,97.7,309.14
300.24,72.33,49.7,164.51,95.45,302.73
312.86,75.69,49.97,170.55,98.79,320.74
302.46,73.23,48.3,166.27,96.2,315.76
297.46,72.26,46.9,161.57,95.05,311.34
274.23,66.54,40.53,150.62,90.03,301.98
288.42,71.33,43.02,160.92,94.59,309.4
274.36,68.86,42.28,153.63,91.04,297.43
248.11,62.06,37.37,139.06,83.83,279.85
269.32,69.49,36.44,158.83,89.25,302.27
239.85,60.55,29.67,135.42,84.46,283.18
252.8,63.22,28.68,146.57,90.39,306.99
240.0,61.67,24.08,140.4,91.5,307.5
240.51,61.2,28.51,142.71,94.05,305.22
228.8,57.31,28.5,137.35,92.3,290.42
222.95,56.09,28.95,135.98,95.14,285.53
243.15,61.72,33.67,148.34,97.01,284.94
246.79,61.38,35.95,146.92,94.29,280.86
261.2,64.61,35.21,156.11,97.77,292.3
253.42,61.94,34.29,149.7,95.01,284.33
261.65,63.7,33.48,160.23,98.2,291.12
257.75,63.57,34.93,157.71,97.49,285.13
246.15,60.23,32.1,152.11,95.39,286.78
251.83,61.23,30.3,155.26,95.94,291.48
248.19,60.35,32.0,153.83,95.33,288.65
264.86,65.62,34.42,165.27,99.88,305.12
265.13,64.86,36.36,163.49,100.58,303.63
274.03,66.52,36.59,165.13,102.15,305.97
278.2,67.0,38.2,165.14,102.14,300.01
275.66,68.31,43.4,165.51,108.44,299.62
283.79,71.76,47.33,173.7,114.17,314.14
277.76,71.11,48.66,171.88,115.38,310.27
279.1,71.67,49.68,177.04,120.41,321.56
286.64,70.7,50.26,178.6,118.75,317.92
281.59,69.23,49.76,175.06,119.68,312.08
273.04,67.09,45.78,167.82,116.41,301.33
279.1,69.03,48.81,173.52,118.17,309.42
279.08,68.76,47.04,171.42,119.97,305.4
282.97,70.74,48.34,174.55,120.51,310.55
287.05,70.79,53.25,174.05,118.8,308.78
285.73,69.65,51.27,169.81,115.7,304.95
293.21,71.93,53.37,177.43,118.64,307.09
290.48,73.45,52.13,179.21,123.7,303.0
282.79,72.27,46.75,174.57,114.3,301.92
283.57,73.29,50.75,178.84,115.8,304.49
286.19,74.39,51.21,180.76,115.89,307.92
284.25,75.16,52.17,182.54,117.56,308.89
287.68,75.94,52.0,183.6,118.38,305.0
292.44,77.53,54.63,184.68,118.98,305.94
292.5,78.75,54.09,186.74,120.45,310.33
286.67,77.85,53.96,182.51,117.85,304.84
281.6,76.91,52.73,179.75,118.4,302.14
284.97,77.39,53.56,180.53,119.44,299.74
286.28,76.93,53.28,183.16,120.49,299.21
295.0,78.74,54.24,184.91,121.31,302.76
291.97,78.29,53.87,183.63,122.47,304.63
296.93,79.81,54.37,185.66,124.9,304.91
294.88,79.21,55.17,183.43,122.34,301.97
295.44,79.72,54.46,183.51,121.84,302.43
299.08,79.18,54.59,181.57,121.09,304.8
303.53,79.53,54.68,181.81,120.52,306.01
302.97,79.56,53.72,181.4,120.06,309.56
304.32,79.49,55.67,183.25,122.12,308.47
305.55,80.46,59.87,182.83,123.55,308.29
308.08,80.83,58.77,184.91,123.62,307.09
312.18,81.28,58.86,185.36,123.92,306.64
311.36,80.58,57.63,182.92,123.03,310.75
319.34,82.88,59.04,187.2,124.15,312.04
323.2,83.37,63.33,188.36,126.2,307.19
320.79,86.0,62.71,189.8,130.04,305.55
319.0,88.21,68.34,196.84,132.37,307.33
300.61,83.98,64.86,186.27,127.9,300.83
304.21,84.7,62.35,187.74,127.25,298.7
307.05,85.75,66.06,188.94,128.63,297.18
312.96,88.02,65.48,193.57,130.76,301.36
311.66,87.9,66.12,194.24,132.05,299.61
311.78,87.93,66.93,196.32,132.7,299.57
308.64,87.43,66.73,195.15,133.75,299.9
310.62,89.72,66.29,200.57,135.69,300.45
312.05,91.63,66.79,201.91,138.22,301.29
304.09,90.02,64.06,197.84,136.72,298.02
307.35,91.21,65.73,200.34,137.73,300.53
300.05,88.41,63.98,196.33,134.64,296.56
304.46,90.45,67.29,198.44,134.02,301.59
308.36,91.2,71.99,203.51,137.94,303.21
310.52,91.03,74.64,204.7,143.94,304.75
312.23,91.03,80.58,206.26,144.51,305.74
317.05,93.46,91.44,210.7,152.85,311.49
313.78,93.17,92.66,208.25,150.01,316.23
316.18,95.34,91.06,212.83,154.06,316.32
314.38,95.68,92.95,214.32,159.13,325.54
317.59,95.92,102.98,213.67,160.0,326.23
314.84,95.48,99.8,207.07,155.2,322.92
318.92,97.06,101.12,208.35,154.2,328.0
321.85,97.73,103.07,208.04,150.44,326.7
320.79,96.52,100.04,203.92,150.0,326.27
321.72,96.33,100.06,202.88,148.1,324.79
324.32,98.36,109.53,211.6,159.84,326.51
325.01,97.0,104.56,208.75,156.91,327.74
326.86,97.27,106.16,211.75,155.0,328.3
322.96,92.85,100.87,202.54,149.33,326.11
320.88,92.62,94.47,201.3,150.45,325.78
323.22,94.81,102.64,203.85,152.76,327.6
321.17,93.25,98.43,202.02,150.02,327.57
325.12,95.04,99.94,204.06,151.68,326.14
323.96,96.19,99.17,203.9,152.59,324.82
326.52,106.26,95.38,205.01,158.23,325.53
328.79,108.94,99.0,216.54,155.59,329.32
330.06,109.67,99.13,213.29,156.94,339.79
332.11,110.06,99.0,212.94,160.25,339.97
334.33,113.9,99.31,216.35,161.25,343.31
334.57,111.11,96.85,212.48,158.37,340.91
335.57,112.73,94.57,208.25,157.41,340.0
332.8,109.38,91.63,203.38,154.03,332.43
337.44,113.01,103.65,209.19,158.11,336.76
336.83,115.01,108.07,208.7,158.05,335.7
336.84,114.91,110.05,208.9,157.4,336.28
337.91,114.61,122.38,210.28,159.12,339.96
338.64,115.56,125.81,211.49,165.62,340.75
337.23,115.71,125.24,209.7,163.02,340.9
338.28,118.28,133.46,214.58,164.87,340.87
339.48,124.37,136.67,213.02,164.24,344.61
342.92,125.86,134.28,213.69,165.37,344.13
344.12,124.83,134.89,216.47,167.32,344.71
347.57,126.52,143.54,221.15,172.09,344.27
348.33,125.01,149.25,226.58,170.0,346.36
350.58,124.81,147.56,228.91,170.09,348.37
349.31,129.04,166.11,225.53,172.55,347.66
352.6,134.18,158.35,227.27,174.96,351.38
357.7,131.4,149.12,231.65,176.57,358.86
345.39,120.88,135.67,217.3,168.4,348.3
342.57,120.96,139.44,214.25,164.73,346.57
333.21,112.82,110.07,202.66,157.49,338.86
339.79,117.32,122.09,211.29,163.43,346.43
333.89,113.49,123.78,205.37,158.76,339.53
334.06,112.0,124.24,204.03,155.81,339.13
338.46,115.36,139.87,205.41,155.15,342.92
340.17,115.54,149.92,208.78,157.81,343.91
338.82,112.13,147.25,205.05,153.91,343.73
335.84,110.34,141.14,202.91,150.44,338.88
330.65,106.84,147.38,200.39,147.75,335.96
326.97,110.08,149.8,202.54,148.02,339.57
330.3,111.81,141.41,207.42,156.45,344.45
322.64,107.12,126.79,200.59,149.99,344.63
323.5,108.22,129.26,203.19,150.99,347.0
328.73,112.28,135.78,207.82,154.76,342.58
334.19,114.96,140.4,209.44,158.7,349.62
332.37,114.09,139.69,207.26,157.24,352.14
334.89,115.81,143.0,210.33,157.44,355.0
337.04,116.79,149.39,212.46,161.06,358.46
333.84,113.02,138.36,206.19,156.25,355.01
339.76,116.5,141.89,210.38,159.96,358.58
334.93,113.16,137.99,205.91,155.0,358.35
340.76,115.08,141.77,209.83,159.78,363.02
343.78,114.97,141.97,210.58,159.53,365.09
346.85,116.97,144.67,215.81,164.33,369.46
352.43,124.4,147.43,221.4,172.15,376.48
350.13,121.1,148.88,222.86,172.18,380.68
347.93,121.19,153.77,220.86,168.19,378.34
347.5,120.71,149.63,219.66,166.93,376.58
347.29,119.02,146.56,219.66,163.64,381.54
342.01,115.98,143.61,214.22,160.36,375.56
343.38,117.51,140.65,214.65,160.85,378.31
342.73,116.87,140.88,214.8,159.25,377.82
344.61,115.75,141.93,214.89,158.82,375.75
345.78,115.04,140.21,216.23,160.22,374.6
339.39,115.05,140.09,210.08,160.35,370.71
338.22,116.6,141.56,213.25,164.32,372.72
326.66,111.2,135.34,202.68,158.14,364.96
329.98,115.32,136.94,204.72,160.55,364.86
326.54,108.86,129.35,202.47,151.81,357.62
330.2,108.77,133.5,202.33,150.22,364.39
336.03,110.44,141.3,206.43,152.42,371.96
343.54,114.95,140.33,216.39,162.06,376.17
350.24,119.03,146.03,223.29,166.1,385.23
350.16,118.69,143.32,223.72,165.57,385.66
354.56,116.32,140.42,218.39,157.19,365.0
354.04,115.97,136.79,211.01,151.75,366.62
356.67,119.49,139.04,216.55,156.87,372.92
353.21,119.21,137.25,215.44,155.51,375.71
358.1,119.26,136.17,216.51,156.44,378.84
362.57,120.3,136.03,217.23,156.55,379.79
360.62,119.39,147.2,214.46,156.78,381.92
356.28,118.03,162.21,211.08,155.27,382.23
357.78,118.64,166.42,212.42,155.85,383.54
355.33,117.34,163.2,210.39,154.97,381.12
357.46,113.85,173.95,210.11,154.92,381.71
363.22,115.17,185.13,213.86,155.9,384.22
362.66,116.03,191.33,213.87,159.25,387.75
363.67,116.59,195.25,215.23,159.77,388.39
362.06,119.05,189.2,214.07,158.4,391.77
366.02,122.72,194.92,216.21,161.0,387.56
366.79,123.08,189.61,215.37,160.18,383.5
366.69,122.94,197.79,214.24,159.34,374.05
369.85,122.25,199.68,214.36,158.13,373.43
369.09,123.75,213.92,214.29,157.9,373.33
370.17,124.38,216.63,216.01,158.86,377.6
366.85,121.78,201.49,211.8,155.21,374.29
366.73,123.24,209.02,210.52,155.07,372.79
366.3,122.41,203.33,213.26,155.82,375.1
364.66,121.78,213.28,214.2,157.85,374.38
369.59,127.88,211.08,214.13,158.26,371.88
370.17,127.81,207.59,219.28,162.05,369.44
372.24,128.7,218.63,219.42,161.8,370.29
369.18,126.66,231.67,218.59,160.08,367.0
367.86,128.23,216.62,222.59,160.31,364.97
367.24,131.88,213.45,223.94,160.33,362.03
367.57,130.96,215.33,221.02,159.26,361.89
369.0,131.97,220.59,222.75,158.63,364.58
372.17,136.69,221.23,224.96,164.2,371.06
371.46,134.87,222.0,224.15,166.1,372.72
371.99,133.72,231.59,221.68,164.29,374.45
373.88,132.69,235.22,222.42,162.85,376.78
368.79,129.41,243.26,217.69,159.33,380.15
371.33,131.01,245.04,217.9,160.93,375.74
373.55,126.6,251.99,212.25,156.92,370.02
379.1,130.92,272.01,218.29,158.11,367.92
381.26,132.05,293.34,219.62,159.14,369.94
378.69,128.98,270.4,217.49,155.71,364.01
378.77,128.8,283.15,214.93,156.04,364.2
379.79,130.89,284.8,216.34,158.29,366.95
378.46,128.91,281.67,213.02,156.37,362.35
375.7,127.14,275.39,212.65,155.21,362.16
378.65,127.83,281.52,216.44,156.04,354.47
383.89,132.03,283.48,224.34,163.17,361.3
384.24,136.87,281.66,224.97,165.35,362.8
382.88,139.07,282.21,225.95,164.61,362.3
384.39,142.92,293.6,229.53,164.7,361.88
383.79,143.16,294.36,232.33,166.31,364.98
374.41,142.06,288.05,232.9,161.63,356.39
377.63,137.09,278.48,238.93,161.88,357.06
370.07,131.96,264.51,231.96,160.31,352.43
376.23,134.14,279.94,239.65,167.14,350.52
381.55,134.99,290.93,239.51,169.0,355.58
381.85,133.94,284.9,243.0,165.63,355.21
386.19,137.39,283.33,242.01,166.55,355.85
387.71,136.76,284.08,242.2,167.61,355.17
390.51,136.91,287.81,242.47,166.15,359.83
390.25,136.01,283.15,243.77,165.25,359.56
390.08,135.39,268.27,242.82,164.33,356.12
390.71,135.13,270.55,244.49,163.11,352.2
392.64,135.37,272.04,244.99,163.89,352.75
392.3,133.19,265.41,243.7,163.45,354.0
392.39,130.84,266.05,244.2,165.43,358.04
390.72,129.71,262.46,243.79,166.41,356.92
390.03,129.87,260.43,240.97,162.5,354.77
387.03,126.0,238.17,234.51,159.04,350.21
387.5,125.86,232.95,233.27,159.73,342.15
391.77,125.35,247.34,234.55,157.98,340.7
382.33,120.99,227.41,228.99,152.86,333.9
380.36,121.26,225.17,232.38,154.65,331.0
389.58,127.79,239.48,236.94,157.31,331.77
386.54,125.12,228.81,233.87,154.73,328.46
381.42,122.06,217.73,227.56,150.25,323.92
376.7,120.13,207.15,226.73,148.88,319.04
383.63,121.42,199.32,231.6,150.02,317.32
381.72,116.36,187.67,227.39,147.6,311.42
387.17,121.09,224.53,233.78,153.14,318.78
389.58,119.98,222.69,232.42,152.88,323.83
393.53,121.96,233.2,237.13,155.68,328.65
394.06,121.03,231.24,235.75,154.47,331.14
396.41,123.99,235.98,234.81,154.08,330.51
395.91,125.57,225.63,237.71,154.59,327.25
397.26,124.76,233.94,237.04,156.79,329.19
391.48,120.53,217.72,230.72,151.4,322.98
389.48,119.99,218.29,230.35,153.75,328.91
392.59,123.39,223.33,235.99,155.54,334.49
389.5,122.54,220.72,237.58,156.88,340.34
387.52,120.09,210.09,235.46,154.35,338.04
389.7,120.59,213.46,232.34,152.31,346.34
395.98,121.21,206.24,236.48,152.6,352.02
395.78,121.39,203.76,235.24,153.79,356.15
394.73,119.9,211.87,231.85,152.76,349.75
396.33,122.15,222.64,235.77,154.7,352.48
400.61,123.0,220.58,242.35,158.05,354.94
406.36,125.9,230.35,249.07,161.34,360.82
406.12,126.21,230.54,247.86,161.19,360.12
406.59,127.9,223.66,249.9,163.97,358.81
408.52,130.36,227.93,253.25,164.97,361.22
411.49,133.0,225.67,255.85,168.61,363.21
411.64,131.24,233.99,255.91,168.97,364.81
412.86,134.43,254.11,258.49,170.0,365.21
411.45,132.03,244.08,255.59,166.65,363.17
415.87,134.5,246.28,259.5,168.95,368.8
417.26,134.16,246.59,260.74,169.97,370.72
415.21,134.84,238.21,258.74,168.6,369.55
412.17,133.11,239.66,258.26,166.73,371.73
416.07,133.5,248.04,260.58,168.1,374.09
412.27,131.94,239.9,257.17,165.45,371.26
416.74,134.32,243.13,261.15,167.04,373.28
417.61,134.72,246.07,261.55,170.45,368.52
417.52,134.39,234.91,261.97,170.87,370.21
417.4,133.58,231.47,254.56,172.93,369.59
420.06,133.48,225.67,252.51,173.57,373.54
417.3,131.46,236.48,252.18,173.37,372.09
418.2,132.54,228.3,251.86,169.32,379.32
415.62,127.85,224.53,247.79,165.59,375.29
415.75,128.1,223.65,246.47,163.53,372.5
419.07,129.74,221.18,249.73,165.32,382.76
422.12,130.21,224.12,252.46,164.58,384.32
417.94,126.85,209.68,247.18,159.52,381.48
414.21,125.91,205.73,246.23,161.2,378.18
405.41,122.77,196.63,239.0,157.6,372.2
410.28,124.97,190.56,243.03,158.07,379.53
416.58,127.45,196.58,248.15,161.15,384.42
415.52,126.27,192.28,245.18,163.52,383.96
411.94,124.85,192.62,243.08,161.61,382.81
410.86,124.69,187.82,243.12,161.59,379.66
415.28,127.31,195.59,246.48,162.38,383.58
414.94,125.43,193.63,245.17,160.15,380.72
419.17,127.1,202.15,250.78,162.25,383.45
418.24,126.9,201.56,251.72,162.95,385.38
419.07,126.85,206.38,251.49,163.26,385.62
419.29,125.28,210.28,249.31,161.51,387.5
420.04,124.61,208.41,249.68,161.15,378.27
419.67,124.28,207.97,247.4,160.93,378.23
420.33,125.06,201.71,247.3,161.7,380.59
418.77,123.54,190.95,245.71,159.35,383.87
422.6,125.89,199.68,250.79,160.31,387.52
422.19,125.9,201.71,253.81,159.9,380.4
422.28,126.74,201.2,252.57,163.21,379.7
421.65,127.13,199.59,253.59,164.06,379.96
423.61,126.11,203.37,257.24,167.48,383.01
424.31,127.35,203.3,257.89,167.34,381.83
425.26,130.48,205.9,259.89,169.19,383.76
424.48,129.64,199.79,258.36,169.16,383.91
422.11,130.15,201.62,257.38,170.76,379.41
421.97,131.79,205.53,260.9,174.46,384.75
414.92,130.46,207.77,259.43,174.35,380.88
420.86,132.3,206.94,262.63,172.7,386.8
423.11,133.98,207.9,265.51,175.27,392.18
422.6,133.7,218.86,265.27,175.19,391.97
425.1,133.41,226.61,266.69,172.45,392.07
426.61,133.11,223.96,265.02,170.07,394.51
427.47,134.78,229.57,268.72,172.19,396.54
427.7,136.33,226.92,271.4,172.41,398.79
428.06,136.96,226.57,270.9,172.01,395.67
430.43,137.27,225.97,271.6,171.65,394.53
433.72,139.96,226.3,277.65,175.55,398.94
432.93,142.02,219.86,277.66,183.79,398.86
434.46,144.57,214.88,279.93,184.83,404.68
430.92,143.24,217.6,277.42,186.57,407.15
435.52,145.11,218.98,277.94,185.97,412.37
437.08,144.5,228.57,277.32,185.93,407.88
435.59,145.64,222.85,280.98,183.87,407.06
436.24,149.15,217.79,282.51,184.08,409.95
434.75,148.48,216.87,281.03,181.56,411.82
431.34,146.39,214.74,280.75,178.68,410.37
424.97,142.45,215.41,277.01,177.48,414.15
431.06,146.15,220.17,279.32,178.66,416.24
434.55,145.4,218.43,281.4,179.26,415.01
435.46,146.8,216.42,286.14,181.9,417.54
439.94,148.56,214.46,289.67,182.83,423.43
441.02,148.99,219.21,289.05,184.99,423.23
439.01,146.77,214.93,286.54,181.32,424.34
438.83,144.98,215.66,286.22,181.52,422.22
440.65,145.64,225.78,286.5,180.0,425.28
438.51,145.86,229.07,284.91,166.38,429.72
437.59,145.52,236.56,284.82,166.57,428.92
441.15,147.36,236.58,287.12,168.31,435.07
438.98,146.95,236.97,286.51,167.74,435.04
441.76,147.06,238.21,289.52,168.8,443.19
442.49,146.14,233.03,289.46,167.25,439.63
442.13,146.09,237.92,288.33,167.09,440.47
442.68,145.6,236.66,286.44,166.03,443.03
443.78,145.86,235.94,286.95,164.61,444.3
445.11,148.89,240.75,289.81,165.18,445.36
445.92,149.1,239.06,292.85,164.7,447.82
446.97,151.12,228.72,294.6,164.95,452.86
444.04,150.19,221.9,293.08,162.1,452.34
439.18,146.36,229.66,290.73,160.06,446.21
439.86,146.7,224.49,296.77,159.39,454.26
443.36,148.19,226.75,304.36,160.0,458.99
447.26,149.71,235.43,304.65,163.29,454.93
447.97,149.62,236.16,302.62,165.29,451.79
448.91,148.36,237.07,302.01,164.96,451.23
446.26,147.54,233.72,299.09,165.8,449.31
450.25,148.6,237.31,299.72,167.48,450.34
452.23,153.12,243.64,303.59,171.08,455.93
451.56,151.83,245.24,301.88,173.54,455.49
451.8,152.51,244.7,301.83,173.95,456.52
453.19,153.65,244.13,301.15,173.16,460.97
453.08,154.3,244.52,301.14,173.9,462.55
451.46,156.69,250.97,300.18,175.46,459.6
450.91,155.11,251.29,300.21,176.28,465.7
448.98,154.07,251.62,297.25,174.21,465.94
445.44,148.97,245.42,295.71,173.46,465.16
446.58,149.55,247.67,296.99,172.86,459.66
444.17,148.12,248.16,299.79,172.5,458.41
447.88,149.03,251.94,304.82,173.79,460.73
447.17,148.79,252.33,305.22,174.41,463.31
441.4,146.06,253.16,299.87,173.13,459.51
434.04,142.94,243.39,294.3,167.79,451.14
433.63,143.43,246.46,294.8,167.18,452.11
437.86,145.85,250.65,298.58,169.0,452.33
443.18,146.83,251.21,299.56,170.8,452.78
443.91,146.92,258.13,299.35,171.28,467.75
442.64,145.37,263.79,294.17,170.29,460.56
433.72,141.91,259.19,283.52,165.8,447.35
434.45,142.83,260.44,284.0,165.06,451.79
429.14,141.5,258.49,281.92,164.25,449.35
434.24,142.65,258.41,289.1,164.16,448.33
428.64,139.14,260.51,283.11,159.49,440.14
433.1,141.11,260.2,288.76,161.05,446.24
434.9,142.0,260.92,293.11,163.1,449.34
438.66,143.29,264.54,294.85,165.12,452.87
437.86,142.9,261.83,294.85,164.43,451.85
434.69,142.81,263.98,294.23,162.32,449.7
433.62,141.51,268.57,292.88,162.37,446.87
435.18,140.91,270.36,296.31,164.21,445.3
442.5,143.76,272.77,302.75,164.99,450.66
445.87,144.84,281.01,304.21,170.45,452.39
447.19,146.55,290.04,307.29,172.34,461.95
450.64,148.76,288.09,308.23,172.21,467.08
452.41,149.26,288.6,307.41,170.75,469.77
453.59,149.48,298.0,310.76,171.75,477.23
453.12,148.69,303.23,309.16,166.78,481.99
455.55,148.64,341.62,308.13,166.02,490.1
455.96,149.32,339.48,310.11,168.8,485.53
453.94,148.85,345.95,323.17,169.62,489.11
458.32,152.57,359.01,324.35,172.33,490.53
459.25,149.8,371.33,331.62,168.62,491.54
460.04,148.96,402.86,329.37,165.91,491.87
461.9,150.02,390.67,333.13,165.64,496.99
464.72,151.49,404.62,334.0,169.2,502.33
466.91,150.96,409.97,336.44,173.85,515.62
468.53,151.28,407.36,336.06,175.95,513.12
468.93,150.44,387.65,336.99,174.45,503.81
467.38,150.81,341.17,335.95,178.81,508.71
463.62,147.92,355.98,330.8,174.1,505.51
463.77,147.87,354.5,332.43,173.63,512.18
467.27,149.99,344.47,336.72,176.26,517.17
467.43,150.0,337.8,336.07,177.28,519.89
469.28,151.0,351.58,339.51,177.04,526.72
468.14,153.49,363.0,339.12,177.45,526.29
469.73,157.87,365.46,341.27,184.8,529.37
468.89,160.55,379.02,343.11,183.83,533.79
467.57,161.02,385.62,339.83,178.63,539.65
468.19,161.41,369.68,337.68,179.0,545.26
469.44,161.94,372.0,337.91,179.02,549.73
464.6,160.24,379.0,336.63,178.08,554.88
455.56,165.3,381.59,330.59,175.35,539.38
450.5,164.77,365.0,330.08,172.19,529.84
457.4,163.76,361.53,329.49,171.87,525.51
453.42,161.84,338.32,323.01,169.49,528.93
458.79,165.32,336.34,326.19,171.37,533.2
468.28,171.18,350.58,334.92,176.16,542.02
469.52,175.08,356.32,334.97,176.16,530.11
466.35,174.56,334.6,333.1,174.17,524.33
470.74,179.45,339.01,342.54,172.21,558.82
466.57,175.74,322.14,339.4,169.57,557.22
463.36,174.33,319.5,328.34,169.09,545.34
470.6,179.3,325.33,334.65,173.32,565.48
466.45,172.26,308.97,324.9,168.87,552.63
459.87,171.14,310.86,323.8,170.02,547.61
454.98,169.75,299.98,319.91,167.08,548.56
463.06,172.99,312.84,327.29,170.42,545.43
467.69,175.64,336.29,333.2,171.04,549.67
470.6,176.28,355.67,334.69,171.07,550.37
477.26,180.33,364.65,342.45,169.67,563.47
476.87,179.29,362.82,341.25,170.66,564.64
477.48,179.38,362.06,341.95,169.2,567.77
476.16,178.2,356.78,339.32,168.64,563.91
474.96,177.57,352.26,336.32,166.72,567.7
477.71,182.01,399.93,334.75,170.4,566.71
477.55,179.7,383.2,329.01,167.52,564.23
468.38,174.92,362.71,316.38,164.36,549.92
467.94,172.0,354.9,313.88,163.25,549.8
466.09,172.17,342.32,314.04,162.55,536.18
465.51,172.19,352.71,314.27,161.49,518.8
469.75,175.08,354.8,314.98,165.36,522.03
471.02,175.53,368.74,318.27,165.21,525.8
464.53,172.19,343.85,304.8,161.21,516.88
464.72,173.07,349.87,310.2,162.14,502.99
456.49,169.8,343.5,302.65,158.92,488.07
451.75,166.23,331.88,303.33,156.3,490.16
446.75,164.51,332.09,301.6,151.67,482.82
437.98,162.41,314.63,296.03,142.64,481.61
439.84,161.62,310.0,296.37,144.54,488.9
434.47,159.78,306.13,288.49,139.99,477.32
433.38,159.69,312.47,296.71,138.87,483.47
431.24,159.22,276.37,299.84,139.64,482.52
441.95,170.33,282.12,308.26,143.98,492.43
449.91,174.78,312.24,310.98,149.57,505.13
452.95,174.61,310.42,308.76,151.19,508.41
457.35,175.84,301.89,313.46,150.61,522.02
446.6,172.9,297.05,301.25,138.85,521.77
448.7,172.39,307.77,305.94,157.64,519.77
447.26,171.66,302.45,300.95,157.94,515.89
450.94,174.83,307.33,304.56,161.41,521.15
457.54,176.28,310.67,311.21,161.19,528.83
449.32,172.12,301.52,302.38,159.0,518.48
440.46,168.64,286.67,295.04,153.29,509.67
439.02,168.88,291.92,295.0,155.17,506.56
446.1,172.79,307.48,300.47,156.51,513.92
446.6,172.55,307.8,299.5,158.1,512.4
437.06,168.88,292.12,290.73,154.65,515.01
434.23,167.3,285.66,287.93,152.6,512.67
429.57,164.32,273.84,287.72,150.2,502.18
421.95,160.07,254.68,280.27,144.83,495.26
428.3,162.74,266.92,294.59,151.36,505.58
437.75,164.85,269.96,297.31,153.79,517.49
436.63,165.12,290.14,298.79,153.56,519.25
429.98,163.2,288.12,294.95,151.14,522.93
437.89,166.56,293.3,300.19,152.05,528.0
435.71,166.23,279.76,295.92,147.9,533.05
432.17,163.17,279.43,289.86,145.64,525.5
419.43,159.3,268.19,278.91,137.45,528.52
416.25,157.44,274.8,275.85,136.01,523.36
427.41,162.95,286.32,288.5,139.28,527.65
425.48,158.52,279.43,285.59,146.82,532.72
420.07,154.73,265.12,280.07,145.52,527.42
417.0,150.62,255.46,276.44,141.85,525.95
426.17,155.09,267.3,287.15,147.37,542.32
435.62,159.59,280.08,294.39,153.1,543.39
441.07,160.62,290.53,295.22,157.24,552.79
444.52,163.98,301.8,300.43,161.25,561.35
444.39,165.38,307.05,299.16,161.49,555.53
449.59,168.82,331.33,304.06,164.89,559.42
443.8,170.21,333.04,299.49,163.41,554.02
450.49,174.07,337.97,304.1,163.65,558.11
452.69,174.72,336.88,303.68,164.77,555.71
455.91,175.6,363.95,310.7,168.99,565.21
461.55,178.96,366.52,315.41,169.32,569.98
458.7,177.77,364.66,313.86,166.3,576.47
451.64,174.61,359.2,308.31,163.0,575.85
452.92,174.31,361.53,309.42,163.56,575.57
456.8,178.44,381.82,314.97,168.35,575.13
451.03,175.06,363.75,310.88,164.06,575.32
446.52,171.83,348.59,299.5,158.76,584.79
448.77,172.14,352.42,301.37,157.78,608.05
447.57,170.09,341.83,296.97,154.46,600.04
439.92,165.75,325.31,285.26,151.12,584.67
438.29,167.66,328.98,282.06,150.79,581.36
443.31,170.4,340.79,287.62,155.54,591.09
437.79,165.29,328.33,279.83,151.71,590.39
437.97,165.07,334.76,280.52,152.79,582.12
445.04,167.4,342.72,285.3,158.12,594.3
444.71,167.23,325.73,286.36,154.0,603.53
438.06,166.42,336.26,280.81,148.3,591.74
426.04,161.79,335.02,274.03,144.35,571.7
428.51,162.88,332.67,280.72,146.07,568.21
416.1,156.8,292.14,270.22,139.39,553.76
417.27,156.57,293.84,283.22,138.17,554.08
427.81,163.64,292.5,289.63,144.6,562.0
412.0,157.65,290.25,277.52,124.28,531.72
414.48,157.96,300.98,284.47,124.5,528.95
416.38,159.48,303.08,281.78,124.25,528.08
429.06,166.02,317.54,289.98,125.93,544.43
413.81,156.77,291.09,277.35,116.41,517.32
411.34,157.28,288.55,274.73,114.77,503.36
398.17,152.06,262.37,264.58,108.79,498.83
399.09,154.51,266.68,269.5,108.86,501.46
392.75,146.5,244.67,260.55,105.37,489.08
392.34,142.56,242.67,255.35,106.93,486.18
401.72,147.11,256.53,261.12,113.06,497.27
400.09,145.54,241.46,261.5,110.81,494.53
408.32,149.24,253.87,266.82,115.37,490.47
391.86,140.82,236.6,254.08,107.11,429.4
389.46,137.35,236.47,253.14,107.32,422.93
389.63,137.59,221.3,252.56,107.59,416.43
396.92,143.11,224.97,260.65,107.56,429.48
393.89,140.36,209.39,259.62,104.1,437.71
397.37,140.52,219.6,262.52,106.78,440.11
405.31,143.78,235.91,265.9,111.08,464.99
415.26,149.64,253.21,273.24,115.15,470.76
412.93,148.84,252.75,271.87,120.21,466.22
409.59,148.71,246.79,272.42,121.68,456.99
417.39,151.21,258.33,274.58,125.51,487.61
410.54,145.38,234.52,270.02,122.35,476.25
411.79,146.14,238.28,268.75,124.79,472.47
415.74,148.71,238.89,272.5,123.0,471.78
411.22,147.96,241.87,270.41,121.18,467.99
401.44,142.64,239.71,264.79,116.15,472.05
389.8,137.13,232.23,252.99,109.65,463.31
375.0,131.88,215.74,242.26,103.67,452.25
373.87,132.76,220.89,244.49,102.31,454.8
379.2,135.43,233.0,251.76,107.67,458.79
366.65,130.06,213.1,244.97,103.66,451.76
365.86,131.56,216.76,247.65,106.22,446.69
375.07,135.87,237.04,253.74,108.68,463.11
374.39,135.35,236.09,253.13,108.95,459.96
378.06,138.27,235.07,258.86,112.44,475.0
390.08,141.66,245.71,267.7,116.46,484.37
388.59,141.66,244.92,264.89,113.22,481.75
380.65,137.44,232.66,256.48,107.4,468.61
380.34,139.23,228.49,260.26,108.92,469.84
377.25,136.72,224.47,256.83,106.21,479.28
381.24,138.93,227.26,259.58,109.56,485.76
381.96,141.56,233.07,262.85,113.5,488.26
383.25,142.92,231.73,266.21,114.33,492.65
388.99,146.35,244.54,268.4,116.33,494.95
388.67,147.04,250.76,267.66,115.54,501.54
384.23,144.87,234.34,264.51,111.75,498.9
380.83,145.86,233.07,253.67,109.22,490.57
378.83,145.49,237.04,252.72,110.4,492.22
377.91,148.47,238.31,254.08,110.63,511.94
385.13,150.17,240.07,256.72,113.55,522.95
381.95,147.07,240.55,254.25,113.76,516.3
392.27,151.0,245.53,259.53,118.21,520.23
394.77,153.04,247.5,262.27,122.77,524.2
398.79,155.35,271.71,264.84,124.63,529.46
395.09,154.09,272.24,260.36,122.42,529.72
395.57,152.95,268.43,258.83,121.14,529.14
390.89,151.6,258.86,251.9,114.81,511.93
401.04,156.79,274.82,268.74,120.97,522.31
406.07,157.35,280.9,276.41,122.28,536.18
411.99,162.51,297.15,280.74,134.95,541.3
410.77,161.51,297.28,278.01,135.39,546.81
408.06,160.01,300.59,274.82,134.16,543.46
414.45,166.13,307.4,282.47,139.52,547.01
414.17,165.81,308.63,283.65,142.57,543.28
413.47,165.35,288.17,282.91,140.8,540.67
412.99,164.87,290.42,280.32,139.41,541.9
411.35,164.92,283.33,282.3,137.83,535.82
419.99,169.24,294.36,289.16,142.69,539.82
419.99,168.49,286.63,287.02,140.64,532.2
427.1,172.1,300.03,291.91,143.55,537.21
428.86,173.19,309.32,293.47,143.18,545.75
429.7,173.03,306.56,292.71,144.78,553.02
426.65,174.55,304.0,291.32,142.1,556.32
427.89,174.15,302.87,290.17,142.3,560.96
422.14,171.52,296.67,286.15,138.23,554.53
413.35,167.57,289.91,277.75,133.22,545.47
412.35,167.23,296.45,276.44,133.62,542.07
413.67,167.53,297.1,275.79,133.8,543.22
419.51,170.03,296.07,278.85,137.28,550.77
405.31,163.62,288.09,268.09,130.75,531.82
402.63,161.38,284.82,265.23,129.79,531.06
398.21,158.91,277.7,262.97,128.73,524.14
395.18,157.22,275.61,261.47,126.77,522.1
396.42,157.96,277.16,260.4,127.82,529.17
392.24,155.81,270.21,256.06,127.51,519.11
390.76,154.53,274.42,253.25,126.11,518.9
397.78,155.96,283.7,258.09,129.48,529.64
400.38,154.46,289.26,258.52,129.82,529.12
406.6,157.37,299.68,264.46,133.27,536.58
410.97,163.43,304.42,266.65,136.45,539.52
393.1,153.84,292.13,251.99,126.82,510.3
394.6,155.31,302.61,252.22,128.55,508.0
390.12,152.37,303.75,245.38,126.28,503.5
385.56,150.7,303.35,244.74,123.53,504.14
388.55,154.48,309.07,244.52,124.66,506.57
384.09,156.9,308.73,242.45,122.19,499.52
377.39,153.72,300.8,238.95,118.54,493.07
374.22,152.74,288.59,240.98,117.31,487.17
367.95,150.43,275.33,237.92,113.78,466.4
364.31,150.77,276.01,237.45,115.15,480.3
363.38,151.76,282.94,236.41,114.41,478.3
370.53,149.84,287.81,241.07,118.01,488.29
362.79,142.48,268.21,237.5,114.8,478.98
357.18,138.2,265.25,232.9,113.0,472.27
366.61,142.45,242.4,240.74,115.88,477.73
377.97,146.1,249.44,248.88,121.09,486.13
377.09,146.4,240.81,249.2,120.95,480.32
373.2,145.43,238.13,246.79,120.3,482.49
362.79,140.09,223.07,234.24,114.56,468.15
360.02,140.42,222.96,229.25,113.67,466.31
357.74,138.98,216.5,225.41,112.21,472.02
356.56,138.34,217.24,225.75,112.9,466.38
365.97,142.99,221.72,234.24,112.53,467.99
357.63,138.38,204.99,228.56,106.9,454.65
366.82,142.41,219.35,237.53,113.79,464.17
371.13,143.75,220.19,238.5,116.36,473.27
368.5,143.86,222.04,236.48,115.07,471.43
365.41,143.39,207.28,236.15,115.25,464.62
374.29,147.27,214.44,242.12,119.32,478.18
378.87,149.45,211.25,247.25,119.82,496.97
384.92,152.34,222.42,250.66,120.6,499.06
382.02,149.35,224.64,231.32,115.66,499.45
379.98,144.8,225.09,226.75,110.96,496.54
389.02,155.74,228.52,235.87,103.41,510.87
386.21,153.34,227.54,232.13,102.44,501.5
384.52,150.65,227.82,228.17,96.79,499.96
374.87,145.03,214.98,220.1,92.12,483.51
371.01,138.88,215.31,214.25,89.3,486.29
376.35,138.38,207.47,221.39,90.98,486.41
379.95,138.92,197.08,227.87,90.53,488.55
382.0,139.5,191.3,228.87,89.98,492.76
374.13,134.87,177.59,224.51,86.14,489.97
394.69,146.87,190.72,242.98,96.63,513.13
398.51,149.7,195.97,247.11,100.79,515.47
395.12,148.28,190.95,241.55,98.49,509.68
398.49,150.04,194.42,241.97,98.94,526.47
395.45,148.79,186.92,241.73,97.12,524.11
394.24,150.72,183.17,241.68,94.85,521.32
396.03,151.29,180.19,241.22,94.14,523.67
394.59,148.01,167.87,242.05,92.46,523.37
399.9,150.18,169.91,245.03,93.2,531.95
402.42,151.07,183.2,247.58,94.13,534.49
395.91,144.22,182.92,241.76,93.95,530.92
395.23,141.17,180.83,240.33,92.42,528.96
407.68,148.03,194.7,255.14,96.54,539.25
407.38,148.31,194.7,254.69,95.5,503.86
406.91,147.81,194.86,255.02,94.13,494.53
399.59,146.63,182.45,250.2,91.01,488.66
393.83,142.91,179.82,245.12,88.25,481.16
393.16,140.94,174.04,244.37,88.46,481.97
396.24,142.65,173.44,247.4,90.35,481.42
393.28,142.16,179.05,245.42,89.09,483.02
398.95,144.49,167.82,252.51,90.55,487.68
401.97,145.47,160.95,256.92,92.49,488.2
399.4,143.21,156.8,257.22,91.58,483.52
389.63,136.5,157.67,249.01,88.45,463.91
383.27,134.51,150.23,244.69,87.86,461.45
380.02,132.37,149.87,240.45,84.92,458.63
380.54,132.3,137.8,241.8,85.19,457.82
386.23,135.45,137.57,244.43,86.77,462.06
380.72,132.23,125.35,238.19,83.79,458.71
382.91,131.86,123.15,238.73,85.25,462.65
381.4,130.03,109.1,236.96,83.04,458.5
376.66,126.04,112.71,234.53,81.82,452.99
383.44,129.61,121.82,241.01,84.18,456.53
382.43,129.93,123.18,239.82,84.0,456.5
380.82,125.07,108.1,239.58,85.82,453.28
383.76,126.36,113.64,229.1,85.14,456.56
379.38,125.02,110.34,222.31,83.12,450.19
388.08,129.62,113.06,224.93,86.08,482.87
387.86,130.15,119.77,227.12,87.36,478.75
390.58,130.73,118.85,228.85,89.87,481.4
395.52,133.49,123.22,235.77,95.09,484.31
396.96,133.41,123.56,238.51,95.27,482.43
398.5,134.76,122.4,239.23,98.12,485.25
397.77,135.94,131.49,240.35,96.05,486.77
391.49,135.21,128.78,235.81,95.46,479.47
388.64,135.27,127.17,231.93,93.68,469.49
395.88,137.87,133.42,240.22,97.25,480.11
400.63,141.11,143.75,242.58,97.52,492.61
400.2,142.53,143.89,242.04,96.32,492.11
400.35,141.86,144.43,240.61,97.18,490.88
404.75,143.96,160.27,248.0,99.22,498.3
405.68,145.93,177.9,248.16,102.24,503.29
400.59,143.0,166.66,242.71,100.55,503.28
406.48,144.29,173.22,247.81,103.13,511.14
410.8,145.43,181.41,252.75,105.15,517.91
416.78,150.82,188.27,264.6,112.91,523.43
412.35,154.5,189.98,258.35,103.39,514.8
409.83,151.73,194.76,256.77,102.18,515.59
415.19,154.65,196.81,267.56,102.11,516.53
410.65,151.92,201.29,266.73,100.05,503.81
407.09,150.87,207.32,263.62,98.24,500.63
408.04,151.01,196.89,263.1,97.61,499.99
412.83,153.85,194.64,271.32,99.54,506.45
412.64,153.2,209.25,272.17,99.7,503.22
413.98,155.33,214.24,269.32,101.16,511.28
408.28,153.71,202.04,262.15,98.15,504.1
407.26,152.55,208.31,258.06,97.2,507.48
399.09,148.48,197.37,252.67,94.58,501.74
398.54,148.91,200.86,251.51,95.79,497.39
400.66,149.4,202.07,254.77,95.82,493.14
396.38,146.71,196.88,249.22,93.5,488.61
397.73,147.92,207.63,250.16,93.76,487.03
396.26,147.41,205.71,249.42,94.23,484.18
394.74,145.31,202.77,246.27,92.17,478.67
397.81,145.91,190.9,251.11,92.13,485.69
404.19,151.03,197.79,255.29,94.9,475.26
404.47,153.83,193.81,256.87,93.75,483.08
398.27,151.6,187.71,254.15,93.55,485.15
398.92,152.87,182.0,253.7,93.92,486.04
391.56,150.59,172.92,252.32,92.25,479.52
385.91,148.5,173.44,248.59,90.73,471.14
385.36,150.47,174.48,253.92,92.43,472.0
391.73,152.59,183.26,260.79,94.88,481.92
389.28,152.99,180.45,265.44,96.2,485.66
396.11,155.85,184.13,276.2,100.04,487.26
389.99,155.0,180.13,279.43,98.95,487.05
393.74,157.4,183.25,272.23,97.71,489.29
398.91,159.28,197.58,273.78,100.61,490.85
392.11,157.83,191.15,272.29,98.7,487.52
393.17,158.93,192.22,277.66,98.71,487.76
395.75,160.25,190.41,280.57,98.13,495.27
396.49,158.28,191.81,276.38,98.04,493.22
395.6,157.65,189.19,275.23,97.24,486.77
401.35,160.77,193.88,280.51,100.25,490.87
403.7,162.36,195.28,284.05,102.0,491.48
409.39,164.9,207.46,288.3,103.29,496.87
410.95,166.17,194.77,287.23,102.41,497.03
408.67,165.63,192.58,287.18,103.95,497.73
407.6,163.76,185.52,284.34,101.1,497.13
409.19,164.66,185.06,291.6,102.06,485.98
409.61,162.03,184.51,289.39,102.17,493.83
409.72,160.8,186.79,282.83,99.92,498.65
408.05,160.1,180.54,283.49,97.83,489.35
413.47,165.56,185.9,289.84,102.4,497.89
412.46,165.21,185.0,286.14,102.51,491.3
413.94,165.23,187.04,288.8,102.74,493.94
414.21,166.47,184.31,288.37,102.3,496.9
414.14,167.63,180.59,288.45,104.3,496.03
411.88,166.65,162.99,286.11,103.81,505.58
412.2,165.02,165.08,285.76,106.96,506.35
412.63,165.33,162.55,281.77,106.21,511.42
406.08,163.77,160.67,275.42,102.57,503.17
404.36,163.76,153.75,295.37,104.98,494.66
412.41,168.41,160.19,304.83,109.82,501.27
415.93,169.68,164.31,307.26,105.45,503.22
415.51,169.59,161.83,305.56,102.05,493.59
410.84,168.54,160.31,305.41,103.63,494.81
408.02,167.45,160.61,304.4,103.65,490.06
405.13,165.79,161.2,305.41,104.0,490.34
412.63,173.57,170.06,310.65,105.66,499.06
412.74,173.5,171.79,308.65,105.83,499.06
410.93,171.77,169.15,307.0,106.62,500.79
412.85,173.56,168.54,312.31,110.19,499.66
412.13,173.75,172.08,310.11,112.18,501.89
411.59,172.57,167.98,308.97,110.26,504.07
413.01,172.07,166.35,309.46,111.2,502.04
410.25,172.07,166.52,311.74,113.4,496.15
415.23,172.69,173.86,314.0,115.5,495.0
419.23,175.05,176.89,318.52,118.15,498.1
418.62,175.16,180.14,318.34,116.25,496.52
418.79,174.2,188.87,321.18,115.01,491.87
414.09,171.56,185.77,315.26,114.99,484.87
411.09,171.84,182.9,313.85,116.75,482.76
414.65,172.99,184.47,325.92,115.0,486.55
420.02,175.43,193.17,332.89,120.11,507.26
420.18,177.3,201.16,331.21,121.66,508.03
417.85,177.25,203.93,328.39,120.58,511.56
421.82,180.09,207.52,332.58,122.77,512.6
427.92,180.95,213.97,335.4,124.25,512.59
427.1,179.58,217.61,335.94,125.3,518.25
428.03,179.21,221.31,333.68,126.61,516.26
426.55,177.82,224.57,323.38,121.23,511.23
429.13,180.57,234.86,325.26,124.25,520.09
429.9,180.96,244.4,326.79,123.43,517.28
433.8,183.79,249.83,331.85,126.57,520.97
436.66,183.31,258.71,334.29,126.66,522.02
437.18,183.95,256.79,337.34,126.42,527.2
442.6,186.01,255.9,348.1,127.11,529.18
439.46,184.92,260.54,342.33,125.49,523.65
437.18,185.01,274.45,338.05,125.78,519.7
434.94,183.96,259.46,333.56,124.83,519.62
436.51,187.0,264.61,339.71,130.15,524.2
433.21,186.68,256.6,335.02,129.33,524.44
431.44,185.27,241.05,328.6,127.33,523.42
436.17,188.06,250.21,334.57,129.18,530.33
436.39,189.25,256.24,335.85,129.04,532.8
438.11,189.59,257.5,335.05,127.9,531.69
443.28,193.97,261.77,340.54,130.36,538.38
443.13,191.33,282.48,338.15,130.38,541.13
439.66,191.81,276.54,341.27,128.36,537.37
438.55,190.68,274.43,337.22,129.78,525.05
439.66,188.61,269.61,331.83,127.13,527.01
442.46,188.08,269.79,332.47,128.78,529.64
446.02,189.77,271.99,337.2,130.8,538.0
449.56,190.54,277.9,342.66,134.3,538.45
449.28,190.69,281.38,345.24,134.68,546.7
450.84,193.99,290.38,345.73,133.56,552.96
454.19,193.73,293.34,359.49,132.83,553.59
455.2,195.1,291.26,355.08,135.36,554.11
452.18,193.13,262.9,346.87,129.96,556.96
452.18,191.94,260.02,343.77,130.0,557.86
454.2,192.75,269.06,345.11,128.8,563.93
455.44,193.62,265.28,350.98,129.13,565.19
455.51,194.5,264.35,337.77,128.15,566.17
452.49,193.22,255.71,330.72,128.25,561.83
456.92,195.83,266.44,338.37,132.21,563.32
457.79,196.45,267.43,335.92,133.68,560.67
456.48,195.61,261.07,336.34,131.69,555.47
450.13,192.58,254.11,327.5,128.21,552.35
448.84,191.17,259.32,326.66,128.91,557.69
446.81,181.99,253.86,327.78,139.57,552.04
450.71,178.85,251.45,330.11,142.22,558.41
448.75,179.8,249.7,326.05,139.94,556.12
445.75,178.19,242.19,322.23,137.85,559.7
445.91,177.97,245.34,322.93,138.56,561.49
445.65,177.79,242.65,321.01,138.41,562.96
448.11,179.46,239.76,324.04,140.57,561.47
442.89,177.45,232.96,321.86,137.67,558.51
439.64,176.57,225.6,320.4,135.07,559.05
436.29,174.0,219.22,316.88,133.98,547.11
436.5,174.49,215.49,316.48,133.22,544.94
439.34,175.84,231.28,321.88,134.68,543.21
438.15,177.23,233.19,322.46,134.25,538.37
443.03,181.12,236.86,327.0,135.52,540.86
436.89,176.38,230.04,319.97,131.84,531.71
439.97,178.61,238.59,322.98,133.26,534.01
442.76,180.19,238.82,323.7,133.14,536.19
449.16,184.12,257.18,328.41,134.91,542.77
451.01,187.65,256.9,328.79,135.07,542.26
450.35,187.87,258.08,327.76,138.01,549.28
451.19,189.46,245.01,328.66,138.12,544.25
449.24,189.7,256.49,333.55,137.27,544.73
446.22,182.91,251.92,332.88,135.36,546.69
444.85,177.56,251.49,329.91,137.85,548.62
445.52,178.18,248.5,334.27,138.23,551.19
448.45,179.36,273.58,337.94,143.1,558.78
445.99,176.3,267.48,331.77,141.23,558.79
446.51,174.21,271.3,336.06,144.85,559.76
450.36,175.74,276.04,338.7,144.72,564.77
443.37,175.01,274.39,330.22,140.39,556.36
443.63,177.97,265.28,329.06,139.98,562.72
442.71,179.07,266.5,328.65,137.63,564.35
438.64,175.49,262.59,320.77,135.29,563.83
431.39,173.93,255.7,319.53,129.33,555.08
430.42,174.79,244.88,317.01,129.12,558.59
432.23,176.08,246.99,317.54,131.27,558.62
425.88,171.96,244.12,312.14,125.98,552.96
426.05,170.43,240.5,312.79,125.98,563.53
428.52,170.69,246.38,313.64,125.98,568.63
427.48,171.21,250.22,315.75,127.12,564.96
427.31,173.75,251.6,321.8,129.46,571.31
421.59,172.4,246.53,313.39,124.72,565.04
424.66,173.66,261.16,318.96,127.0,571.8
424.5,174.91,260.05,319.36,125.96,569.52
429.54,177.49,260.53,327.26,127.96,557.53
432.29,178.99,259.67,329.82,128.26,558.97
434.54,178.39,263.62,328.39,129.48,562.09
436.32,179.8,262.99,332.42,131.83,565.52
433.66,180.71,258.87,331.16,132.33,563.78
431.5,178.85,251.12,327.73,129.79,566.84
436.04,178.72,253.92,332.64,132.55,572.24
436.02,177.15,254.85,332.06,131.47,574.34
430.21,175.84,242.68,330.11,128.13,574.64
426.43,175.46,220.11,331.32,128.4,565.63
421.19,172.88,211.99,326.67,125.17,552.93
420.46,173.0,212.08,329.32,126.56,552.29
423.63,173.44,216.52,330.53,128.56,551.84
417.55,171.1,212.42,340.67,121.39,549.99
412.55,166.89,205.76,327.89,119.57,547.6
410.68,168.22,207.3,329.81,127.74,543.03
415.59,170.29,197.36,337.31,132.71,554.88
418.2,170.77,200.84,338.11,133.09,552.44
422.66,173.97,205.66,346.07,137.0,556.8
430.76,177.57,218.51,348.32,138.07,555.97
434.69,176.65,219.96,352.8,138.6,560.9
435.69,179.23,219.27,356.53,139.74,569.82
436.93,181.82,222.18,360.53,142.71,571.27
437.25,182.89,222.11,363.2,142.08,567.38
433.84,182.41,209.98,360.69,140.6,563.27
