Date,Close
11/19/2015 16:00:00,208.55
11/20/2015 16:00:00,209.31
11/23/2015 16:00:00,209.07
11/24/2015 16:00:00,209.35
11/25/2015 16:00:00,209.32
11/27/2015 16:00:00,209.56
11/30/2015 16:00:00,208.69
12/1/2015 16:00:00,210.68
12/2/2015 16:00:00,208.53
12/3/2015 16:00:00,205.61
12/4/2015 16:00:00,209.62
12/7/2015 16:00:00,208.35
12/8/2015 16:00:00,206.95
12/9/2015 16:00:00,205.34
12/10/2015 16:00:00,205.87
12/11/2015 16:00:00,201.88
12/14/2015 16:00:00,202.9
12/15/2015 16:00:00,205.03
12/16/2015 16:00:00,208.03
12/17/2015 16:00:00,204.86
12/18/2015 16:00:00,200.02
12/21/2015 16:00:00,201.67
12/22/2015 16:00:00,203.5
12/23/2015 16:00:00,206.02
12/24/2015 16:00:00,205.68
12/28/2015 16:00:00,205.21
12/29/2015 16:00:00,207.4
12/30/2015 16:00:00,205.93
12/31/2015 16:00:00,203.87
1/4/2016 16:00:00,201.02
1/5/2016 16:00:00,201.36
1/6/2016 16:00:00,198.82
1/7/2016 16:00:00,194.05
1/8/2016 16:00:00,191.92
1/11/2016 16:00:00,192.11
1/12/2016 16:00:00,193.66
1/13/2016 16:00:00,188.83
1/14/2016 16:00:00,191.93
1/15/2016 16:00:00,187.81
1/19/2016 16:00:00,188.06
1/20/2016 16:00:00,185.65
1/21/2016 16:00:00,186.69
1/22/2016 16:00:00,190.52
1/25/2016 16:00:00,187.64
1/26/2016 16:00:00,190.2
1/27/2016 16:00:00,188.13
1/28/2016 16:00:00,189.11
1/29/2016 16:00:00,193.72
2/1/2016 16:00:00,193.65
2/2/2016 16:00:00,190.16
2/3/2016 16:00:00,191.3
2/4/2016 16:00:00,191.6
2/5/2016 16:00:00,187.95
2/8/2016 16:00:00,185.42
2/9/2016 16:00:00,185.43
2/10/2016 16:00:00,185.27
2/11/2016 16:00:00,182.86
2/12/2016 16:00:00,186.63
2/16/2016 16:00:00,189.78
2/17/2016 16:00:00,192.88
2/18/2016 16:00:00,192.09
2/19/2016 16:00:00,192
2/22/2016 16:00:00,194.78
2/23/2016 16:00:00,192.32
2/24/2016 16:00:00,193.2
2/25/2016 16:00:00,195.54
2/26/2016 16:00:00,195.09
2/29/2016 16:00:00,193.56
3/1/2016 16:00:00,198.11
3/2/2016 16:00:00,199
3/3/2016 16:00:00,199.78
3/4/2016 16:00:00,200.43
3/7/2016 16:00:00,200.59
3/8/2016 16:00:00,198.4
3/9/2016 16:00:00,199.38
3/10/2016 16:00:00,199.54
3/11/2016 16:00:00,202.76
3/14/2016 16:00:00,202.5
3/15/2016 16:00:00,202.17
3/16/2016 16:00:00,203.34
3/17/2016 16:00:00,204.63
3/18/2016 16:00:00,204.38
3/21/2016 16:00:00,204.67
3/22/2016 16:00:00,204.56
3/23/2016 16:00:00,203.21
3/24/2016 16:00:00,203.12
3/28/2016 16:00:00,203.24
3/29/2016 16:00:00,205.12
3/30/2016 16:00:00,206.02
3/31/2016 16:00:00,205.52
4/1/2016 16:00:00,206.92
4/4/2016 16:00:00,206.25
4/5/2016 16:00:00,204.19
4/6/2016 16:00:00,206.42
4/7/2016 16:00:00,203.95
4/8/2016 16:00:00,204.5
4/11/2016 16:00:00,204.02
4/12/2016 16:00:00,205.92
4/13/2016 16:00:00,208
4/14/2016 16:00:00,208.01
4/15/2016 16:00:00,207.78
4/18/2016 16:00:00,209.24
4/19/2016 16:00:00,209.9
4/20/2016 16:00:00,210.1
4/21/2016 16:00:00,208.97
4/22/2016 16:00:00,208.97
4/25/2016 16:00:00,208.61
4/26/2016 16:00:00,208.92
4/27/2016 16:00:00,209.35
4/28/2016 16:00:00,207.45
4/29/2016 16:00:00,206.33
5/2/2016 16:00:00,207.97
5/3/2016 16:00:00,206.16
5/4/2016 16:00:00,205.01
5/5/2016 16:00:00,204.97
5/6/2016 16:00:00,205.72
5/9/2016 16:00:00,205.89
5/10/2016 16:00:00,208.45
5/11/2016 16:00:00,206.5
5/12/2016 16:00:00,206.56
5/13/2016 16:00:00,204.76
5/16/2016 16:00:00,206.78
5/17/2016 16:00:00,204.85
5/18/2016 16:00:00,204.91
5/19/2016 16:00:00,204.2
5/20/2016 16:00:00,205.49
5/23/2016 16:00:00,205.21
5/24/2016 16:00:00,207.87
5/25/2016 16:00:00,209.28
5/26/2016 16:00:00,209.34
5/27/2016 16:00:00,210.24
5/31/2016 16:00:00,209.84
6/1/2016 16:00:00,210.27
6/2/2016 16:00:00,210.91
6/3/2016 16:00:00,210.28
6/6/2016 16:00:00,211.35
6/7/2016 16:00:00,211.68
6/8/2016 16:00:00,212.37
6/9/2016 16:00:00,212.08
6/10/2016 16:00:00,210.07
6/13/2016 16:00:00,208.45
6/14/2016 16:00:00,208.04
6/15/2016 16:00:00,207.75
6/16/2016 16:00:00,208.37
6/17/2016 16:00:00,206.52
6/20/2016 16:00:00,207.85
6/21/2016 16:00:00,208.44
6/22/2016 16:00:00,208.1
6/23/2016 16:00:00,210.81
6/24/2016 16:00:00,203.13
6/27/2016 16:00:00,199.6
6/28/2016 16:00:00,203.2
6/29/2016 16:00:00,206.66
6/30/2016 16:00:00,209.48
7/1/2016 16:00:00,209.92
7/5/2016 16:00:00,208.41
7/6/2016 16:00:00,209.66
7/7/2016 16:00:00,209.53
7/8/2016 16:00:00,212.65
7/11/2016 16:00:00,213.4
7/12/2016 16:00:00,214.95
7/13/2016 16:00:00,214.92
7/14/2016 16:00:00,216.12
7/15/2016 16:00:00,215.83
7/18/2016 16:00:00,216.41
7/19/2016 16:00:00,216.19
7/20/2016 16:00:00,217.09
7/21/2016 16:00:00,216.27
7/22/2016 16:00:00,217.24
7/25/2016 16:00:00,216.65
7/26/2016 16:00:00,216.75
7/27/2016 16:00:00,216.52
7/28/2016 16:00:00,216.77
7/29/2016 16:00:00,217.12
8/1/2016 16:00:00,216.94
8/2/2016 16:00:00,215.55
8/3/2016 16:00:00,216.18
8/4/2016 16:00:00,216.41
8/5/2016 16:00:00,218.18
8/8/2016 16:00:00,218.05
8/9/2016 16:00:00,218.18
8/10/2016 16:00:00,217.64
8/11/2016 16:00:00,218.65
8/12/2016 16:00:00,218.46
8/15/2016 16:00:00,219.09
8/16/2016 16:00:00,217.96
8/17/2016 16:00:00,218.37
8/18/2016 16:00:00,218.86
8/19/2016 16:00:00,218.54
8/22/2016 16:00:00,218.53
8/23/2016 16:00:00,218.97
8/24/2016 16:00:00,217.85
8/25/2016 16:00:00,217.7
8/26/2016 16:00:00,217.29
8/29/2016 16:00:00,218.36
8/30/2016 16:00:00,218
8/31/2016 16:00:00,217.38
9/1/2016 16:00:00,217.39
9/2/2016 16:00:00,218.37
9/6/2016 16:00:00,219.03
9/7/2016 16:00:00,219.01
9/8/2016 16:00:00,218.51
9/9/2016 16:00:00,213.28
9/12/2016 16:00:00,216.34
9/13/2016 16:00:00,213.23
9/14/2016 16:00:00,213.15
9/15/2016 16:00:00,215.28
9/16/2016 16:00:00,213.37
9/19/2016 16:00:00,213.41
9/20/2016 16:00:00,213.42
9/21/2016 16:00:00,215.82
9/22/2016 16:00:00,217.18
9/23/2016 16:00:00,215.99
9/26/2016 16:00:00,214.24
9/27/2016 16:00:00,215.57
9/28/2016 16:00:00,216.64
9/29/2016 16:00:00,214.68
9/30/2016 16:00:00,216.3
10/3/2016 16:00:00,215.78
10/4/2016 16:00:00,214.68
10/5/2016 16:00:00,215.63
10/6/2016 16:00:00,215.78
10/7/2016 16:00:00,215.04
10/10/2016 16:00:00,216.16
10/11/2016 16:00:00,213.43
10/12/2016 16:00:00,213.71
10/13/2016 16:00:00,213.01
10/14/2016 16:00:00,213.12
10/17/2016 16:00:00,212.38
10/18/2016 16:00:00,213.71
10/19/2016 16:00:00,214.28
10/20/2016 16:00:00,213.88
10/21/2016 16:00:00,213.98
10/24/2016 16:00:00,214.89
10/25/2016 16:00:00,214.17
10/26/2016 16:00:00,213.74
10/27/2016 16:00:00,213.17
10/28/2016 16:00:00,212.54
10/31/2016 16:00:00,212.55
11/1/2016 16:00:00,211.01
11/2/2016 16:00:00,209.74
11/3/2016 16:00:00,208.78
11/4/2016 16:00:00,208.55
11/7/2016 16:00:00,213.15
11/8/2016 16:00:00,214.11
11/9/2016 16:00:00,216.38
11/10/2016 16:00:00,216.92
11/11/2016 16:00:00,216.42
11/14/2016 16:00:00,216.59
11/15/2016 16:00:00,218.28
11/16/2016 16:00:00,217.87
11/17/2016 16:00:00,218.99
11/18/2016 16:00:00,218.5
11/21/2016 16:00:00,220.15
11/22/2016 16:00:00,220.58
11/23/2016 16:00:00,220.7
11/25/2016 16:00:00,221.52
11/28/2016 16:00:00,220.48
11/29/2016 16:00:00,220.91
11/30/2016 16:00:00,220.38
12/1/2016 16:00:00,219.57
12/2/2016 16:00:00,219.68
12/5/2016 16:00:00,221
12/6/2016 16:00:00,221.7
12/7/2016 16:00:00,224.6
12/8/2016 16:00:00,225.15
12/9/2016 16:00:00,226.51
12/12/2016 16:00:00,226.25
12/13/2016 16:00:00,227.76
12/14/2016 16:00:00,225.88
12/15/2016 16:00:00,226.81
12/16/2016 16:00:00,225.04
12/19/2016 16:00:00,225.53
12/20/2016 16:00:00,226.4
12/21/2016 16:00:00,225.77
12/22/2016 16:00:00,225.38
12/23/2016 16:00:00,225.71
12/27/2016 16:00:00,226.27
12/28/2016 16:00:00,224.4
12/29/2016 16:00:00,224.35
12/30/2016 16:00:00,223.53
1/3/2017 16:00:00,225.24
1/4/2017 16:00:00,226.58
1/5/2017 16:00:00,226.4
1/6/2017 16:00:00,227.21
1/9/2017 16:00:00,226.46
1/10/2017 16:00:00,226.46
1/11/2017 16:00:00,227.1
1/12/2017 16:00:00,226.53
1/13/2017 16:00:00,227.05
1/17/2017 16:00:00,226.25
1/18/2017 16:00:00,226.75
1/19/2017 16:00:00,225.91
1/20/2017 16:00:00,226.74
1/23/2017 16:00:00,226.15
1/24/2017 16:00:00,227.6
1/25/2017 16:00:00,229.57
1/26/2017 16:00:00,229.33
1/27/2017 16:00:00,228.97
1/30/2017 16:00:00,227.55
1/31/2017 16:00:00,227.53
2/1/2017 16:00:00,227.62
2/2/2017 16:00:00,227.77
2/3/2017 16:00:00,229.34
2/6/2017 16:00:00,228.93
2/7/2017 16:00:00,228.94
2/8/2017 16:00:00,229.24
2/9/2017 16:00:00,230.6
2/10/2017 16:00:00,231.51
2/13/2017 16:00:00,232.77
2/14/2017 16:00:00,233.7
2/15/2017 16:00:00,234.92
2/16/2017 16:00:00,234.72
2/17/2017 16:00:00,235.09
2/21/2017 16:00:00,236.49
2/22/2017 16:00:00,236.28
2/23/2017 16:00:00,236.44
2/24/2017 16:00:00,236.74
2/27/2017 16:00:00,237.11
2/28/2017 16:00:00,236.47
3/1/2017 16:00:00,239.78
3/2/2017 16:00:00,238.27
3/3/2017 16:00:00,238.42
3/6/2017 16:00:00,237.71
3/7/2017 16:00:00,237
3/8/2017 16:00:00,236.56
3/9/2017 16:00:00,236.86
3/10/2017 16:00:00,237.69
3/13/2017 16:00:00,237.81
3/14/2017 16:00:00,236.9
3/15/2017 16:00:00,238.95
3/16/2017 16:00:00,238.48
3/17/2017 16:00:00,237.03
3/20/2017 16:00:00,236.77
3/21/2017 16:00:00,233.73
3/22/2017 16:00:00,234.28
3/23/2017 16:00:00,234.03
3/24/2017 16:00:00,233.86
3/27/2017 16:00:00,233.62
3/28/2017 16:00:00,235.32
3/29/2017 16:00:00,235.54
3/30/2017 16:00:00,236.29
3/31/2017 16:00:00,235.74
4/3/2017 16:00:00,235.33
4/4/2017 16:00:00,235.48
4/5/2017 16:00:00,234.78
4/6/2017 16:00:00,235.44
4/7/2017 16:00:00,235.2
4/10/2017 16:00:00,235.34
4/11/2017 16:00:00,235.06
4/12/2017 16:00:00,234.03
4/13/2017 16:00:00,232.51
4/17/2017 16:00:00,234.57
4/18/2017 16:00:00,233.87
4/19/2017 16:00:00,233.44
4/20/2017 16:00:00,235.34
4/21/2017 16:00:00,234.59
4/24/2017 16:00:00,237.17
4/25/2017 16:00:00,238.55
4/26/2017 16:00:00,238.4
4/27/2017 16:00:00,238.6
4/28/2017 16:00:00,238.08
5/1/2017 16:00:00,238.68
5/2/2017 16:00:00,238.77
5/3/2017 16:00:00,238.48
5/4/2017 16:00:00,238.76
5/5/2017 16:00:00,239.7
5/8/2017 16:00:00,239.66
5/9/2017 16:00:00,239.44
5/10/2017 16:00:00,239.87
5/11/2017 16:00:00,239.38
5/12/2017 16:00:00,238.98
5/15/2017 16:00:00,240.3
5/16/2017 16:00:00,240.08
5/17/2017 16:00:00,235.82
5/18/2017 16:00:00,236.77
5/19/2017 16:00:00,238.31
5/22/2017 16:00:00,239.52
5/23/2017 16:00:00,240.05
5/24/2017 16:00:00,240.61
5/25/2017 16:00:00,241.76
5/26/2017 16:00:00,241.71
5/30/2017 16:00:00,241.5
5/31/2017 16:00:00,241.44
6/1/2017 16:00:00,243.36
6/2/2017 16:00:00,244.17
6/5/2017 16:00:00,243.99
6/6/2017 16:00:00,243.21
6/7/2017 16:00:00,243.66
6/8/2017 16:00:00,243.78
6/9/2017 16:00:00,243.41
6/12/2017 16:00:00,243.36
6/13/2017 16:00:00,244.55
6/14/2017 16:00:00,244.24
6/15/2017 16:00:00,243.77
6/16/2017 16:00:00,242.64
6/19/2017 16:00:00,244.66
6/20/2017 16:00:00,243.01
6/21/2017 16:00:00,242.95
6/22/2017 16:00:00,242.84
6/23/2017 16:00:00,243.13
6/26/2017 16:00:00,243.29
6/27/2017 16:00:00,241.33
6/28/2017 16:00:00,243.49
6/29/2017 16:00:00,241.35
6/30/2017 16:00:00,241.8
7/3/2017 16:00:00,242.21
7/5/2017 16:00:00,242.77
7/6/2017 16:00:00,240.55
7/7/2017 16:00:00,242.11
7/10/2017 16:00:00,242.37
7/11/2017 16:00:00,242.19
7/12/2017 16:00:00,244.01
7/13/2017 16:00:00,244.42
7/14/2017 16:00:00,245.56
7/17/2017 16:00:00,245.53
7/18/2017 16:00:00,245.66
7/19/2017 16:00:00,246.99
7/20/2017 16:00:00,247.1
7/21/2017 16:00:00,246.88
7/24/2017 16:00:00,246.82
7/25/2017 16:00:00,247.42
7/26/2017 16:00:00,247.43
7/27/2017 16:00:00,247.2
7/28/2017 16:00:00,246.91
7/31/2017 16:00:00,246.77
8/1/2017 16:00:00,247.32
8/2/2017 16:00:00,247.44
8/3/2017 16:00:00,246.96
8/4/2017 16:00:00,247.41
8/7/2017 16:00:00,247.87
8/8/2017 16:00:00,247.26
8/9/2017 16:00:00,247.25
8/10/2017 16:00:00,243.76
8/11/2017 16:00:00,244.12
8/14/2017 16:00:00,246.54
8/15/2017 16:00:00,246.51
8/16/2017 16:00:00,246.94
8/17/2017 16:00:00,243.09
8/18/2017 16:00:00,242.71
8/21/2017 16:00:00,242.9
8/22/2017 16:00:00,245.44
8/23/2017 16:00:00,244.56
8/24/2017 16:00:00,243.99
8/25/2017 16:00:00,244.56
8/28/2017 16:00:00,244.57
8/29/2017 16:00:00,244.85
8/30/2017 16:00:00,246.01
8/31/2017 16:00:00,247.49
9/1/2017 16:00:00,247.84
9/5/2017 16:00:00,246.06
9/6/2017 16:00:00,246.9
9/7/2017 16:00:00,246.87
9/8/2017 16:00:00,246.58
9/11/2017 16:00:00,249.21
9/12/2017 16:00:00,250.05
9/13/2017 16:00:00,250.17
9/14/2017 16:00:00,250.09
9/15/2017 16:00:00,249.19
9/18/2017 16:00:00,249.72
9/19/2017 16:00:00,249.97
9/20/2017 16:00:00,250.06
9/21/2017 16:00:00,249.39
9/22/2017 16:00:00,249.44
9/25/2017 16:00:00,248.93
9/26/2017 16:00:00,249.08
9/27/2017 16:00:00,250.05
9/28/2017 16:00:00,250.35
9/29/2017 16:00:00,251.23
10/2/2017 16:00:00,252.32
10/3/2017 16:00:00,252.86
10/4/2017 16:00:00,253.16
10/5/2017 16:00:00,254.66
10/6/2017 16:00:00,254.37
10/9/2017 16:00:00,253.95
10/10/2017 16:00:00,254.62
10/11/2017 16:00:00,255.02
10/12/2017 16:00:00,254.64
10/13/2017 16:00:00,254.95
10/16/2017 16:00:00,255.29
10/17/2017 16:00:00,255.47
10/18/2017 16:00:00,255.72
10/19/2017 16:00:00,255.79
10/20/2017 16:00:00,257.11
10/23/2017 16:00:00,256.11
10/24/2017 16:00:00,256.56
10/25/2017 16:00:00,255.29
10/26/2017 16:00:00,255.62
10/27/2017 16:00:00,257.71
10/30/2017 16:00:00,256.75
10/31/2017 16:00:00,257.15
11/1/2017 16:00:00,257.49
11/2/2017 16:00:00,257.59
11/3/2017 16:00:00,258.45
11/6/2017 16:00:00,258.85
11/7/2017 16:00:00,258.67
11/8/2017 16:00:00,259.11
11/9/2017 16:00:00,258.17
11/10/2017 16:00:00,258.09
11/13/2017 16:00:00,258.33
11/14/2017 16:00:00,257.73
11/15/2017 16:00:00,256.44
11/16/2017 16:00:00,258.62
11/17/2017 16:00:00,257.86
11/20/2017 16:00:00,258.3
11/21/2017 16:00:00,259.99
11/22/2017 16:00:00,259.76
11/24/2017 16:00:00,260.36
11/27/2017 16:00:00,260.23
11/28/2017 16:00:00,262.87
11/29/2017 16:00:00,262.71
11/30/2017 16:00:00,265.01
12/1/2017 16:00:00,264.46
12/4/2017 16:00:00,264.14
12/5/2017 16:00:00,263.19
12/6/2017 16:00:00,263.24
12/7/2017 16:00:00,264.07
12/8/2017 16:00:00,265.51
12/11/2017 16:00:00,266.31
12/12/2017 16:00:00,266.78
12/13/2017 16:00:00,266.75
12/14/2017 16:00:00,265.66
12/15/2017 16:00:00,266.51
12/18/2017 16:00:00,268.2
12/19/2017 16:00:00,267.17
12/20/2017 16:00:00,267.03
12/21/2017 16:00:00,267.58
12/22/2017 16:00:00,267.51
12/26/2017 16:00:00,267.19
12/27/2017 16:00:00,267.32
12/28/2017 16:00:00,267.87
12/29/2017 16:00:00,266.86
1/2/2018 16:00:00,268.77
1/3/2018 16:00:00,270.47
1/4/2018 16:00:00,271.61
1/5/2018 16:00:00,273.42
1/8/2018 16:00:00,273.92
1/9/2018 16:00:00,274.54
1/10/2018 16:00:00,274.12
1/11/2018 16:00:00,276.12
1/12/2018 16:00:00,277.92
1/16/2018 16:00:00,276.97
1/17/2018 16:00:00,279.61
1/18/2018 16:00:00,279.14
1/19/2018 16:00:00,280.41
1/22/2018 16:00:00,282.69
1/23/2018 16:00:00,283.29
1/24/2018 16:00:00,283.18
1/25/2018 16:00:00,283.3
1/26/2018 16:00:00,286.58
1/29/2018 16:00:00,284.68
1/30/2018 16:00:00,281.76
1/31/2018 16:00:00,281.9
2/1/2018 16:00:00,281.58
2/2/2018 16:00:00,275.45
2/5/2018 16:00:00,263.93
2/6/2018 16:00:00,269.13
2/7/2018 16:00:00,267.67
2/8/2018 16:00:00,257.63
2/9/2018 16:00:00,261.5
2/12/2018 16:00:00,265.34
2/13/2018 16:00:00,266
2/14/2018 16:00:00,269.59
2/15/2018 16:00:00,273.03
2/16/2018 16:00:00,273.11
2/20/2018 16:00:00,271.4
2/21/2018 16:00:00,270.05
2/22/2018 16:00:00,270.4
2/23/2018 16:00:00,274.71
2/26/2018 16:00:00,277.9
2/27/2018 16:00:00,274.43
2/28/2018 16:00:00,271.65
3/1/2018 16:00:00,267.7
3/2/2018 16:00:00,269.08
3/5/2018 16:00:00,272.19
3/6/2018 16:00:00,272.88
3/7/2018 16:00:00,272.78
3/8/2018 16:00:00,274.1
3/9/2018 16:00:00,278.87
3/12/2018 16:00:00,278.52
3/13/2018 16:00:00,276.72
3/14/2018 16:00:00,275.3
3/15/2018 16:00:00,275
3/16/2018 16:00:00,274.2
3/19/2018 16:00:00,270.49
3/20/2018 16:00:00,270.95
3/21/2018 16:00:00,270.43
3/22/2018 16:00:00,263.67
3/23/2018 16:00:00,258.05
3/26/2018 16:00:00,265.11
3/27/2018 16:00:00,260.6
3/28/2018 16:00:00,259.83
3/29/2018 16:00:00,263.15
4/2/2018 16:00:00,257.47
4/3/2018 16:00:00,260.77
4/4/2018 16:00:00,263.56
4/5/2018 16:00:00,265.64
4/6/2018 16:00:00,259.72
4/9/2018 16:00:00,261
4/10/2018 16:00:00,265.15
4/11/2018 16:00:00,263.76
4/12/2018 16:00:00,265.93
4/13/2018 16:00:00,265.15
4/16/2018 16:00:00,267.33
4/17/2018 16:00:00,270.19
4/18/2018 16:00:00,270.39
4/19/2018 16:00:00,268.89
4/20/2018 16:00:00,266.61
4/23/2018 16:00:00,266.57
4/24/2018 16:00:00,262.98
4/25/2018 16:00:00,263.63
4/26/2018 16:00:00,266.31
4/27/2018 16:00:00,266.56
4/30/2018 16:00:00,264.51
5/1/2018 16:00:00,264.98
5/2/2018 16:00:00,263.2
5/3/2018 16:00:00,262.62
5/4/2018 16:00:00,266.02
5/7/2018 16:00:00,266.92
5/8/2018 16:00:00,266.92
5/9/2018 16:00:00,269.5
5/10/2018 16:00:00,272.02
5/11/2018 16:00:00,272.85
5/14/2018 16:00:00,272.98
5/15/2018 16:00:00,271.1
5/16/2018 16:00:00,272.24
5/17/2018 16:00:00,272.01
5/18/2018 16:00:00,271.33
5/21/2018 16:00:00,273.37
5/22/2018 16:00:00,272.61
5/23/2018 16:00:00,273.36
5/24/2018 16:00:00,272.8
5/25/2018 16:00:00,272.15
5/29/2018 16:00:00,269.02
5/30/2018 16:00:00,272.61
5/31/2018 16:00:00,270.94
6/1/2018 16:00:00,273.6
6/4/2018 16:00:00,274.9
6/5/2018 16:00:00,275.1
6/6/2018 16:00:00,277.4
6/7/2018 16:00:00,277.37
6/8/2018 16:00:00,278.19
6/11/2018 16:00:00,278.56
6/12/2018 16:00:00,278.92
6/13/2018 16:00:00,278.03
6/14/2018 16:00:00,278.73
6/15/2018 16:00:00,277.13
6/18/2018 16:00:00,276.56
6/19/2018 16:00:00,275.5
6/20/2018 16:00:00,275.97
6/21/2018 16:00:00,274.24
6/22/2018 16:00:00,274.74
6/25/2018 16:00:00,271
6/26/2018 16:00:00,271.6
6/27/2018 16:00:00,269.35
6/28/2018 16:00:00,270.89
6/29/2018 16:00:00,271.28
7/2/2018 16:00:00,271.86
7/3/2018 13:00:00,270.9
7/5/2018 16:00:00,273.11
7/6/2018 16:00:00,275.42
7/9/2018 16:00:00,277.9
7/10/2018 16:00:00,278.9
7/11/2018 16:00:00,276.86
7/12/2018 16:00:00,279.37
7/13/2018 16:00:00,279.59
7/16/2018 16:00:00,279.34
7/17/2018 16:00:00,280.47
7/18/2018 16:00:00,281.06
7/19/2018 16:00:00,280
7/20/2018 16:00:00,279.68
7/23/2018 16:00:00,280.2
7/24/2018 16:00:00,281.61
7/25/2018 16:00:00,284.01
7/26/2018 16:00:00,283.34
7/27/2018 16:00:00,281.42
7/30/2018 16:00:00,279.95
7/31/2018 16:00:00,281.33
8/1/2018 16:00:00,280.86
8/2/2018 16:00:00,282.39
8/3/2018 16:00:00,283.6
8/6/2018 16:00:00,284.64
8/7/2018 16:00:00,285.58
8/8/2018 16:00:00,285.46
8/9/2018 16:00:00,285.07
8/10/2018 16:00:00,283.16
8/13/2018 16:00:00,282.1
8/14/2018 16:00:00,283.9
8/15/2018 16:00:00,281.78
8/16/2018 16:00:00,284.06
8/17/2018 16:00:00,285.06
8/20/2018 16:00:00,285.67
8/21/2018 16:00:00,286.34
8/22/2018 16:00:00,286.17
8/23/2018 16:00:00,285.79
8/24/2018 16:00:00,287.51
8/27/2018 16:00:00,289.78
8/28/2018 16:00:00,289.92
8/29/2018 16:00:00,291.48
8/30/2018 16:00:00,290.3
8/31/2018 16:00:00,290.31
9/4/2018 16:00:00,289.81
9/5/2018 16:00:00,289.03
9/6/2018 16:00:00,288.16
9/7/2018 16:00:00,287.6
9/10/2018 16:00:00,288.1
9/11/2018 16:00:00,289.05
9/12/2018 16:00:00,289.12
9/13/2018 16:00:00,290.83
9/14/2018 16:00:00,290.88
9/17/2018 16:00:00,289.34
9/18/2018 16:00:00,290.91
9/19/2018 16:00:00,291.22
9/20/2018 16:00:00,293.58
9/21/2018 16:00:00,291.99
9/24/2018 16:00:00,291.02
9/25/2018 16:00:00,290.75
9/26/2018 16:00:00,289.88
9/27/2018 16:00:00,290.69
9/28/2018 16:00:00,290.72
10/1/2018 16:00:00,291.73
10/2/2018 16:00:00,291.56
10/3/2018 16:00:00,291.72
10/4/2018 16:00:00,289.44
10/5/2018 16:00:00,287.82
10/8/2018 16:00:00,287.82
10/9/2018 16:00:00,287.4
10/10/2018 16:00:00,278.3
10/11/2018 16:00:00,272.17
10/12/2018 16:00:00,275.95
10/15/2018 16:00:00,274.4
10/16/2018 16:00:00,280.4
10/17/2018 16:00:00,280.45
10/18/2018 16:00:00,276.4
10/19/2018 16:00:00,276.25
10/22/2018 16:00:00,275.01
10/23/2018 16:00:00,273.61
10/24/2018 16:00:00,265.32
10/25/2018 16:00:00,270.08
10/26/2018 16:00:00,265.33
10/29/2018 16:00:00,263.86
10/30/2018 16:00:00,267.77
10/31/2018 16:00:00,270.63
11/1/2018 16:00:00,273.51
11/2/2018 16:00:00,271.89
11/5/2018 16:00:00,273.39
11/6/2018 16:00:00,275.12
11/7/2018 16:00:00,281.01
11/8/2018 16:00:00,280.5
11/9/2018 16:00:00,277.76
11/12/2018 16:00:00,272.57
11/13/2018 16:00:00,272.06
11/14/2018 16:00:00,270.2
11/15/2018 16:00:00,273.02
11/16/2018 16:00:00,273.73
11/19/2018 16:00:00,269.1
11/20/2018 16:00:00,264.12
11/21/2018 16:00:00,265.02
11/23/2018 13:00:00,263.25
11/26/2018 16:00:00,267.5
11/27/2018 16:00:00,268.4
11/28/2018 16:00:00,274.58
11/29/2018 16:00:00,273.98
11/30/2018 16:00:00,275.65
12/3/2018 16:00:00,279.3
12/4/2018 16:00:00,270.25
12/6/2018 16:00:00,269.84
12/7/2018 16:00:00,263.57
12/10/2018 16:00:00,264.07
12/11/2018 16:00:00,264.13
12/12/2018 16:00:00,265.46
12/13/2018 16:00:00,265.37
12/14/2018 16:00:00,260.47
12/17/2018 16:00:00,255.36
12/18/2018 16:00:00,255.08
12/19/2018 16:00:00,251.26
12/20/2018 16:00:00,247.17
12/21/2018 16:00:00,240.7
12/24/2018 13:00:00,234.34
12/26/2018 16:00:00,246.18
12/27/2018 16:00:00,248.07
12/28/2018 16:00:00,247.75
12/31/2018 16:00:00,249.92
1/2/2019 16:00:00,250.18
1/3/2019 16:00:00,244.21
1/4/2019 16:00:00,252.39
1/7/2019 16:00:00,254.38
1/8/2019 16:00:00,256.77
1/9/2019 16:00:00,257.97
1/10/2019 16:00:00,258.88
1/11/2019 16:00:00,258.98
1/14/2019 16:00:00,257.4
1/15/2019 16:00:00,260.35
1/16/2019 16:00:00,260.98
1/17/2019 16:00:00,262.96
1/18/2019 16:00:00,266.46
1/22/2019 16:00:00,262.86
1/23/2019 16:00:00,263.41
1/24/2019 16:00:00,263.55
1/25/2019 16:00:00,265.78
1/28/2019 16:00:00,263.76
1/29/2019 16:00:00,263.41
1/30/2019 16:00:00,267.58
1/31/2019 16:00:00,269.93
2/1/2019 16:00:00,270.06
2/4/2019 16:00:00,271.96
2/5/2019 16:00:00,273.1
2/6/2019 16:00:00,272.74
2/7/2019 16:00:00,270.14
2/8/2019 16:00:00,270.47
2/11/2019 16:00:00,270.62
2/12/2019 16:00:00,274.1
2/13/2019 16:00:00,274.99
2/14/2019 16:00:00,274.38
2/15/2019 16:00:00,277.37
2/19/2019 16:00:00,277.85
2/20/2019 16:00:00,278.41
2/21/2019 16:00:00,277.42
2/22/2019 16:00:00,279.14
2/25/2019 16:00:00,279.52
2/26/2019 16:00:00,279.32
2/27/2019 16:00:00,279.2
2/28/2019 16:00:00,278.68
3/1/2019 16:00:00,280.42
3/4/2019 16:00:00,279.4
3/5/2019 16:00:00,279.02
3/6/2019 16:00:00,277.33
3/7/2019 16:00:00,275.01
3/8/2019 16:00:00,274.46
3/11/2019 16:00:00,278.44
3/12/2019 16:00:00,279.49
3/13/2019 16:00:00,281.34
3/14/2019 16:00:00,281.16
3/15/2019 16:00:00,281.31
3/18/2019 16:00:00,282.33
3/19/2019 16:00:00,282.4
3/20/2019 16:00:00,281.55
3/21/2019 16:00:00,284.73
3/22/2019 16:00:00,279.25
3/25/2019 16:00:00,279.04
3/26/2019 16:00:00,281.12
3/27/2019 16:00:00,279.65
3/28/2019 16:00:00,280.71
3/29/2019 16:00:00,282.48
4/1/2019 16:00:00,285.83
4/2/2019 16:00:00,285.97
4/3/2019 16:00:00,286.42
4/4/2019 16:00:00,287.18
4/5/2019 16:00:00,288.57
4/8/2019 16:00:00,288.79
4/9/2019 16:00:00,287.31
4/10/2019 16:00:00,288.29
4/11/2019 16:00:00,288.21
4/12/2019 16:00:00,290.16
4/15/2019 16:00:00,289.97
4/16/2019 16:00:00,290.16
4/17/2019 16:00:00,289.45
4/18/2019 16:00:00,290.02
4/22/2019 16:00:00,290.27
4/23/2019 16:00:00,292.88
4/24/2019 16:00:00,292.23
4/25/2019 16:00:00,292.05
4/26/2019 16:00:00,293.41
4/29/2019 16:00:00,293.87
4/30/2019 16:00:00,294.02
5/1/2019 16:00:00,291.81
5/2/2019 16:00:00,291.18
5/3/2019 16:00:00,294.03
5/6/2019 16:00:00,292.82
5/7/2019 16:00:00,287.93
5/8/2019 16:00:00,287.53
5/9/2019 16:00:00,286.66
5/10/2019 16:00:00,288.1
5/13/2019 16:00:00,280.86
5/14/2019 16:00:00,283.4
5/15/2019 16:00:00,285.06
5/16/2019 16:00:00,287.7
5/17/2019 16:00:00,285.84
5/20/2019 16:00:00,283.95
5/21/2019 16:00:00,286.51
5/22/2019 16:00:00,285.63
5/23/2019 16:00:00,282.14
5/24/2019 16:00:00,282.78
5/28/2019 16:00:00,280.15
5/29/2019 16:00:00,278.27
5/30/2019 16:00:00,279.03
5/31/2019 16:00:00,275.27
6/3/2019 16:00:00,274.57
6/4/2019 16:00:00,280.53
6/5/2019 16:00:00,282.96
6/6/2019 16:00:00,284.8
6/7/2019 16:00:00,287.65
6/10/2019 16:00:00,288.97
6/11/2019 16:00:00,288.9
6/12/2019 16:00:00,288.39
6/13/2019 16:00:00,289.58
6/14/2019 16:00:00,289.26
6/17/2019 16:00:00,289.37
6/18/2019 16:00:00,292.4
6/19/2019 16:00:00,293.06
6/20/2019 16:00:00,295.86
6/21/2019 16:00:00,294
6/24/2019 16:00:00,293.64
6/25/2019 16:00:00,290.76
6/26/2019 16:00:00,290.47
6/27/2019 16:00:00,291.5
6/28/2019 16:00:00,293
7/1/2019 16:00:00,295.66
7/2/2019 16:00:00,296.43
7/3/2019 13:00:00,298.8
7/5/2019 16:00:00,298.46
7/8/2019 16:00:00,296.82
7/9/2019 16:00:00,297.19
7/10/2019 16:00:00,298.61
7/11/2019 16:00:00,299.31
7/12/2019 16:00:00,300.65
7/15/2019 16:00:00,300.75
7/16/2019 16:00:00,299.71
7/17/2019 16:00:00,297.74
7/18/2019 16:00:00,298.83
7/19/2019 16:00:00,297.17
7/22/2019 16:00:00,297.9
7/23/2019 16:00:00,300.03
7/24/2019 16:00:00,301.44
7/25/2019 16:00:00,300
7/26/2019 16:00:00,302.01
7/29/2019 16:00:00,301.46
7/30/2019 16:00:00,300.72
7/31/2019 16:00:00,297.43
8/1/2019 16:00:00,294.84
8/2/2019 16:00:00,292.62
8/5/2019 16:00:00,283.82
8/6/2019 16:00:00,287.8
8/7/2019 16:00:00,287.97
8/8/2019 16:00:00,293.62
8/9/2019 16:00:00,291.62
8/12/2019 16:00:00,288.07
8/13/2019 16:00:00,292.55
8/14/2019 16:00:00,283.9
8/15/2019 16:00:00,284.65
8/16/2019 16:00:00,288.85
8/19/2019 16:00:00,292.33
8/20/2019 16:00:00,290.09
8/21/2019 16:00:00,292.45
8/22/2019 16:00:00,292.36
8/23/2019 16:00:00,284.85
8/26/2019 16:00:00,288
8/27/2019 16:00:00,286.87
8/28/2019 16:00:00,288.89
8/29/2019 16:00:00,292.58
8/30/2019 16:00:00,292.45
9/3/2019 16:00:00,290.74
9/4/2019 16:00:00,294.04
9/5/2019 16:00:00,297.82
9/6/2019 16:00:00,298.05
9/9/2019 16:00:00,298.2
9/10/2019 16:00:00,298.13
9/11/2019 16:00:00,300.25
9/12/2019 16:00:00,301.29
9/13/2019 16:00:00,301.09
9/16/2019 16:00:00,300.16
9/17/2019 16:00:00,300.92
9/18/2019 16:00:00,301.1
9/19/2019 16:00:00,301.08
9/20/2019 16:00:00,298.28
9/23/2019 16:00:00,298.21
9/24/2019 16:00:00,295.87
9/25/2019 16:00:00,297.62
9/26/2019 16:00:00,297
9/27/2019 16:00:00,295.4
9/30/2019 16:00:00,296.77
10/1/2019 16:00:00,293.24
10/2/2019 16:00:00,288.06
10/3/2019 16:00:00,290.42
10/4/2019 16:00:00,294.35
10/7/2019 16:00:00,293.08
10/8/2019 16:00:00,288.53
10/9/2019 16:00:00,291.27
10/10/2019 16:00:00,293.24
10/11/2019 16:00:00,296.28
10/14/2019 16:00:00,295.95
10/15/2019 16:00:00,298.88
10/16/2019 16:00:00,298.4
10/17/2019 16:00:00,299.28
10/18/2019 16:00:00,297.97
10/21/2019 16:00:00,299.99
10/22/2019 16:00:00,299.01
10/23/2019 16:00:00,299.88
10/24/2019 16:00:00,300.37
10/25/2019 16:00:00,301.6
10/28/2019 16:00:00,303.3
10/29/2019 16:00:00,303.21
10/30/2019 16:00:00,304.14
10/31/2019 16:00:00,303.33
11/1/2019 16:00:00,306.14
11/4/2019 16:00:00,307.37
11/5/2019 16:00:00,307.03
11/6/2019 16:00:00,307.1
11/7/2019 16:00:00,308.18
11/8/2019 16:00:00,308.94
11/11/2019 16:00:00,308.35
11/12/2019 16:00:00,309
11/13/2019 16:00:00,309.1
11/14/2019 16:00:00,309.55
11/15/2019 16:00:00,311.79
11/18/2019 16:00:00,312.02
11/19/2019 16:00:00,311.93
11/20/2019 16:00:00,310.77
11/21/2019 16:00:00,310.27
11/22/2019 16:00:00,310.96
11/25/2019 16:00:00,313.37
11/26/2019 16:00:00,314.08
11/27/2019 16:00:00,315.48
11/29/2019 13:00:00,314.31
12/2/2019 16:00:00,311.64
12/3/2019 16:00:00,309.55
12/4/2019 16:00:00,311.46
12/5/2019 16:00:00,312.02
12/6/2019 16:00:00,314.87
12/9/2019 16:00:00,313.88
12/10/2019 16:00:00,313.53
12/11/2019 16:00:00,314.42
12/12/2019 16:00:00,317.13
12/13/2019 16:00:00,317.32
12/16/2019 16:00:00,319.5
12/17/2019 16:00:00,319.57
12/18/2019 16:00:00,319.59
12/19/2019 16:00:00,320.9
12/20/2019 16:00:00,320.73
12/23/2019 16:00:00,321.22
12/24/2019 13:00:00,321.23
12/26/2019 16:00:00,322.94
12/27/2019 16:00:00,322.86
12/30/2019 16:00:00,321.08
12/31/2019 16:00:00,321.86
1/2/2020 16:00:00,324.87
1/3/2020 16:00:00,322.41
1/6/2020 16:00:00,323.64
1/7/2020 16:00:00,322.73
1/8/2020 16:00:00,324.45
1/9/2020 16:00:00,326.65
1/10/2020 16:00:00,325.71
1/13/2020 16:00:00,327.95
1/14/2020 16:00:00,327.45
1/15/2020 16:00:00,328.19
1/16/2020 16:00:00,330.92
1/17/2020 16:00:00,331.95
1/21/2020 16:00:00,331.3
1/22/2020 16:00:00,331.34
1/23/2020 16:00:00,331.72
1/24/2020 16:00:00,328.77
1/27/2020 16:00:00,323.5
1/28/2020 16:00:00,326.89
1/29/2020 16:00:00,326.62
1/30/2020 16:00:00,327.68
1/31/2020 16:00:00,321.73
2/3/2020 16:00:00,324.12
2/4/2020 16:00:00,329.06
2/5/2020 16:00:00,332.86
2/6/2020 16:00:00,333.98
2/7/2020 16:00:00,332.2
2/10/2020 16:00:00,334.68
2/11/2020 16:00:00,335.26
2/12/2020 16:00:00,337.42
2/13/2020 16:00:00,337.06
2/14/2020 16:00:00,337.6
2/18/2020 16:00:00,336.73
2/19/2020 16:00:00,338.34
2/20/2020 16:00:00,336.95
2/21/2020 16:00:00,333.48
2/24/2020 16:00:00,322.42
2/25/2020 16:00:00,312.65
2/26/2020 16:00:00,311.5
2/27/2020 16:00:00,297.51
2/28/2020 16:00:00,296.26
3/2/2020 16:00:00,309.09
3/3/2020 16:00:00,300.24
3/4/2020 16:00:00,312.86
3/5/2020 16:00:00,302.46
3/6/2020 16:00:00,297.46
3/9/2020 16:00:00,274.23
3/10/2020 16:00:00,288.42
3/11/2020 16:00:00,274.36
3/12/2020 16:00:00,248.11
3/13/2020 16:00:00,269.32
3/16/2020 16:00:00,239.85
3/17/2020 16:00:00,252.8
3/18/2020 16:00:00,240
3/19/2020 16:00:00,240.51
3/20/2020 16:00:00,228.8
3/23/2020 16:00:00,222.95
3/24/2020 16:00:00,243.15
3/25/2020 16:00:00,246.79
3/26/2020 16:00:00,261.2
3/27/2020 16:00:00,253.42
3/30/2020 16:00:00,261.65
3/31/2020 16:00:00,257.75
4/1/2020 16:00:00,246.15
4/2/2020 16:00:00,251.83
4/3/2020 16:00:00,248.19
4/6/2020 16:00:00,264.86
4/7/2020 16:00:00,265.13
4/8/2020 16:00:00,274.03
4/9/2020 16:00:00,278.2
4/13/2020 16:00:00,275.66
4/14/2020 16:00:00,283.79
4/15/2020 16:00:00,277.76
4/16/2020 16:00:00,279.1
4/17/2020 16:00:00,286.64
4/20/2020 16:00:00,281.59
4/21/2020 16:00:00,273.04
4/22/2020 16:00:00,279.1
4/23/2020 16:00:00,279.08
4/24/2020 16:00:00,282.97
4/27/2020 16:00:00,287.05
4/28/2020 16:00:00,285.73
4/29/2020 16:00:00,293.21
4/30/2020 16:00:00,290.48
5/1/2020 16:00:00,282.79
5/4/2020 16:00:00,283.57
5/5/2020 16:00:00,286.19
5/6/2020 16:00:00,284.25
5/7/2020 16:00:00,287.68
5/8/2020 16:00:00,292.44
5/11/2020 16:00:00,292.5
5/12/2020 16:00:00,286.67
5/13/2020 16:00:00,281.6
5/14/2020 16:00:00,284.97
5/15/2020 16:00:00,286.28
5/18/2020 16:00:00,295
5/19/2020 16:00:00,291.97
5/20/2020 16:00:00,296.93
5/21/2020 16:00:00,294.88
5/22/2020 16:00:00,295.44
5/26/2020 16:00:00,299.08
5/27/2020 16:00:00,303.53
5/28/2020 16:00:00,302.97
5/29/2020 16:00:00,304.32
6/1/2020 16:00:00,305.55
6/2/2020 16:00:00,308.08
6/3/2020 16:00:00,312.18
6/4/2020 16:00:00,311.36
6/5/2020 16:00:00,319.34
6/8/2020 16:00:00,323.2
6/9/2020 16:00:00,320.79
6/10/2020 16:00:00,319
6/11/2020 16:00:00,300.61
6/12/2020 16:00:00,304.21
6/15/2020 16:00:00,307.05
6/16/2020 16:00:00,312.96
6/17/2020 16:00:00,311.66
6/18/2020 16:00:00,311.78
6/19/2020 16:00:00,308.64
6/22/2020 16:00:00,310.62
6/23/2020 16:00:00,312.05
6/24/2020 16:00:00,304.09
6/25/2020 16:00:00,307.35
6/26/2020 16:00:00,300.05
6/29/2020 16:00:00,304.46
6/30/2020 16:00:00,308.36
7/1/2020 16:00:00,310.52
7/2/2020 16:00:00,312.23
7/6/2020 16:00:00,317.05
7/7/2020 16:00:00,313.78
7/8/2020 16:00:00,316.18
7/9/2020 16:00:00,314.38
7/10/2020 16:00:00,317.59
7/13/2020 16:00:00,314.84
7/14/2020 16:00:00,318.92
7/15/2020 16:00:00,321.85
7/16/2020 16:00:00,320.79
7/17/2020 16:00:00,321.72
7/20/2020 16:00:00,324.32
7/21/2020 16:00:00,325.01
7/22/2020 16:00:00,326.86
7/23/2020 16:00:00,322.96
7/24/2020 16:00:00,320.88
7/27/2020 16:00:00,323.22
7/28/2020 16:00:00,321.17
7/29/2020 16:00:00,325.12
7/30/2020 16:00:00,323.96
7/31/2020 16:00:00,326.52
8/3/2020 16:00:00,328.79
8/4/2020 16:00:00,330.06
8/5/2020 16:00:00,332.11
8/6/2020 16:00:00,334.33
8/7/2020 16:00:00,334.57
8/10/2020 16:00:00,335.57
8/11/2020 16:00:00,332.8
8/12/2020 16:00:00,337.44
8/13/2020 16:00:00,336.83
8/14/2020 16:00:00,336.84
8/17/2020 16:00:00,337.91
8/18/2020 16:00:00,338.64
8/19/2020 16:00:00,337.23
8/20/2020 16:00:00,338.28
8/21/2020 16:00:00,339.48
8/24/2020 16:00:00,342.92
8/25/2020 16:00:00,344.12
8/26/2020 16:00:00,347.57
8/27/2020 16:00:00,348.33
8/28/2020 16:00:00,350.58
8/31/2020 16:00:00,349.31
9/1/2020 16:00:00,352.6
9/2/2020 16:00:00,357.7
9/3/2020 16:00:00,345.39
9/4/2020 16:00:00,342.57
9/8/2020 16:00:00,333.21
9/9/2020 16:00:00,339.79
9/10/2020 16:00:00,333.89
9/11/2020 16:00:00,334.06
9/14/2020 16:00:00,338.46
9/15/2020 16:00:00,340.17
9/16/2020 16:00:00,338.82
9/17/2020 16:00:00,335.84
9/18/2020 16:00:00,330.65
9/21/2020 16:00:00,326.97
9/22/2020 16:00:00,330.3
9/23/2020 16:00:00,322.64
9/24/2020 16:00:00,323.5
9/25/2020 16:00:00,328.73
9/28/2020 16:00:00,334.19
9/29/2020 16:00:00,332.37
9/30/2020 16:00:00,334.89
10/1/2020 16:00:00,337.04
10/2/2020 16:00:00,333.84
10/5/2020 16:00:00,339.76
10/6/2020 16:00:00,334.93
10/7/2020 16:00:00,340.76
10/8/2020 16:00:00,343.78
10/9/2020 16:00:00,346.85
10/12/2020 16:00:00,352.43
10/13/2020 16:00:00,350.13
10/14/2020 16:00:00,347.93
10/15/2020 16:00:00,347.5
10/16/2020 16:00:00,347.29
10/19/2020 16:00:00,342.01
10/20/2020 16:00:00,343.38
10/21/2020 16:00:00,342.73
10/22/2020 16:00:00,344.61
10/23/2020 16:00:00,345.78
10/26/2020 16:00:00,339.39
10/27/2020 16:00:00,338.22
10/28/2020 16:00:00,326.66
10/29/2020 16:00:00,329.98
10/30/2020 16:00:00,326.54
11/2/2020 16:00:00,330.2
11/3/2020 16:00:00,336.03
11/4/2020 16:00:00,343.54
11/5/2020 16:00:00,350.24
11/6/2020 16:00:00,350.16
11/9/2020 16:00:00,354.56
11/10/2020 16:00:00,354.04
11/11/2020 16:00:00,356.67
11/12/2020 16:00:00,353.21
11/13/2020 16:00:00,358.1
11/16/2020 16:00:00,362.57
11/17/2020 16:00:00,360.62
11/18/2020 16:00:00,356.28
11/19/2020 16:00:00,357.78
11/20/2020 16:00:00,355.33
11/23/2020 16:00:00,357.46
11/24/2020 16:00:00,363.22
11/25/2020 16:00:00,362.66
11/27/2020 13:00:00,363.67
11/30/2020 16:00:00,362.06
12/1/2020 16:00:00,366.02
12/2/2020 16:00:00,366.79
12/3/2020 16:00:00,366.69
12/4/2020 16:00:00,369.85
12/7/2020 16:00:00,369.09
12/8/2020 16:00:00,370.17
12/9/2020 16:00:00,366.85
12/10/2020 16:00:00,366.73
12/11/2020 16:00:00,366.3
12/14/2020 16:00:00,364.66
12/15/2020 16:00:00,369.59
12/16/2020 16:00:00,370.17
12/17/2020 16:00:00,372.24
12/18/2020 16:00:00,369.18
12/21/2020 16:00:00,367.86
12/22/2020 16:00:00,367.24
12/23/2020 16:00:00,367.57
12/24/2020 13:00:00,369
12/28/2020 16:00:00,372.17
12/29/2020 16:00:00,371.46
12/30/2020 16:00:00,371.99
12/31/2020 16:00:00,373.88
1/4/2021 16:00:00,368.79
1/5/2021 16:00:00,371.33
1/6/2021 16:00:00,373.55
1/7/2021 16:00:00,379.1
1/8/2021 16:00:00,381.26
1/11/2021 16:00:00,378.69
1/12/2021 16:00:00,378.77
1/13/2021 16:00:00,379.79
1/14/2021 16:00:00,378.46
1/15/2021 16:00:00,375.7
1/19/2021 16:00:00,378.65
1/20/2021 16:00:00,383.89
1/21/2021 16:00:00,384.24
1/22/2021 16:00:00,382.88
1/25/2021 16:00:00,384.39
1/26/2021 16:00:00,383.79
1/27/2021 16:00:00,374.41
1/28/2021 16:00:00,377.63
1/29/2021 16:00:00,370.07
2/1/2021 16:00:00,376.23
2/2/2021 16:00:00,381.55
2/3/2021 16:00:00,381.85
2/4/2021 16:00:00,386.19
2/5/2021 16:00:00,387.71
2/8/2021 16:00:00,390.51
2/9/2021 16:00:00,390.25
2/10/2021 16:00:00,390.08
2/11/2021 16:00:00,390.71
2/12/2021 16:00:00,392.64
2/16/2021 16:00:00,392.3
2/17/2021 16:00:00,392.39
2/18/2021 16:00:00,390.72
2/19/2021 16:00:00,390.03
2/22/2021 16:00:00,387.03
2/23/2021 16:00:00,387.5
2/24/2021 16:00:00,391.77
2/25/2021 16:00:00,382.33
2/26/2021 16:00:00,380.36
3/1/2021 16:00:00,389.58
3/2/2021 16:00:00,386.54
3/3/2021 16:00:00,381.42
3/4/2021 16:00:00,376.7
3/5/2021 16:00:00,383.63
3/8/2021 16:00:00,381.72
3/9/2021 16:00:00,387.17
3/10/2021 16:00:00,389.58
3/11/2021 16:00:00,393.53
3/12/2021 16:00:00,394.06
3/15/2021 16:00:00,396.41
3/16/2021 16:00:00,395.91
3/17/2021 16:00:00,397.26
3/18/2021 16:00:00,391.48
3/19/2021 16:00:00,389.48
3/22/2021 16:00:00,392.59
3/23/2021 16:00:00,389.5
3/24/2021 16:00:00,387.52
3/25/2021 16:00:00,389.7
3/26/2021 16:00:00,395.98
3/29/2021 16:00:00,395.78
3/30/2021 16:00:00,394.73
3/31/2021 16:00:00,396.33
4/1/2021 16:00:00,400.61
4/5/2021 16:00:00,406.36
4/6/2021 16:00:00,406.12
4/7/2021 16:00:00,406.59
4/8/2021 16:00:00,408.52
4/9/2021 16:00:00,411.49
4/12/2021 16:00:00,411.64
4/13/2021 16:00:00,412.86
4/14/2021 16:00:00,411.45
4/15/2021 16:00:00,415.87
4/16/2021 16:00:00,417.26
4/19/2021 16:00:00,415.21
4/20/2021 16:00:00,412.17
4/21/2021 16:00:00,416.07
4/22/2021 16:00:00,412.27
4/23/2021 16:00:00,416.74
4/26/2021 16:00:00,417.61
4/27/2021 16:00:00,417.52
4/28/2021 16:00:00,417.4
4/29/2021 16:00:00,420.06
4/30/2021 16:00:00,417.3
5/3/2021 16:00:00,418.2
5/4/2021 16:00:00,415.62
5/5/2021 16:00:00,415.75
5/6/2021 16:00:00,419.07
5/7/2021 16:00:00,422.12
5/10/2021 16:00:00,417.94
5/11/2021 16:00:00,414.21
5/12/2021 16:00:00,405.41
5/13/2021 16:00:00,410.28
5/14/2021 16:00:00,416.58
5/17/2021 16:00:00,415.52
5/18/2021 16:00:00,411.94
5/19/2021 16:00:00,410.86
5/20/2021 16:00:00,415.28
5/21/2021 16:00:00,414.94
5/24/2021 16:00:00,419.17
5/25/2021 16:00:00,418.24
5/26/2021 16:00:00,419.07
5/27/2021 16:00:00,419.29
5/28/2021 16:00:00,420.04
6/1/2021 16:00:00,419.67
6/2/2021 16:00:00,420.33
6/3/2021 16:00:00,418.77
6/4/2021 16:00:00,422.6
6/7/2021 16:00:00,422.19
6/8/2021 16:00:00,422.28
6/9/2021 16:00:00,421.65
6/10/2021 16:00:00,423.61
6/11/2021 16:00:00,424.31
6/14/2021 16:00:00,425.26
6/15/2021 16:00:00,424.48
6/16/2021 16:00:00,422.11
6/17/2021 16:00:00,421.97
6/18/2021 16:00:00,414.92
6/21/2021 16:00:00,420.86
6/22/2021 16:00:00,423.11
6/23/2021 16:00:00,422.6
6/24/2021 16:00:00,425.1
6/25/2021 16:00:00,426.61
6/28/2021 16:00:00,427.47
6/29/2021 16:00:00,427.7
6/30/2021 16:00:00,428.06
7/1/2021 16:00:00,430.43
7/2/2021 16:00:00,433.72
7/6/2021 16:00:00,432.93
7/7/2021 16:00:00,434.46
7/8/2021 16:00:00,430.92
7/9/2021 16:00:00,435.52
7/12/2021 16:00:00,437.08
7/13/2021 16:00:00,435.59
7/14/2021 16:00:00,436.24
7/15/2021 16:00:00,434.75
7/16/2021 16:00:00,431.34
7/19/2021 16:00:00,424.97
7/20/2021 16:00:00,431.06
7/21/2021 16:00:00,434.55
7/22/2021 16:00:00,435.46
7/23/2021 16:00:00,439.94
7/26/2021 16:00:00,441.02
7/27/2021 16:00:00,439.01
7/28/2021 16:00:00,438.83
7/29/2021 16:00:00,440.65
7/30/2021 16:00:00,438.51
8/2/2021 16:00:00,437.59
8/3/2021 16:00:00,441.15
8/4/2021 16:00:00,438.98
8/5/2021 16:00:00,441.76
8/6/2021 16:00:00,442.49
8/9/2021 16:00:00,442.13
8/10/2021 16:00:00,442.68
8/11/2021 16:00:00,443.78
8/12/2021 16:00:00,445.11
8/13/2021 16:00:00,445.92
8/16/2021 16:00:00,446.97
8/17/2021 16:00:00,444.04
8/18/2021 16:00:00,439.18
8/19/2021 16:00:00,439.86
8/20/2021 16:00:00,443.36
8/23/2021 16:00:00,447.26
8/24/2021 16:00:00,447.97
8/25/2021 16:00:00,448.91
8/26/2021 16:00:00,446.26
8/27/2021 16:00:00,450.25
8/30/2021 16:00:00,452.23
8/31/2021 16:00:00,451.56
9/1/2021 16:00:00,451.8
9/2/2021 16:00:00,453.19
9/3/2021 16:00:00,453.08
9/7/2021 16:00:00,451.46
9/8/2021 16:00:00,450.91
9/9/2021 16:00:00,448.98
9/10/2021 16:00:00,445.44
9/13/2021 16:00:00,446.58
9/14/2021 16:00:00,444.17
9/15/2021 16:00:00,447.88
9/16/2021 16:00:00,447.17
9/17/2021 16:00:00,441.4
9/20/2021 16:00:00,434.04
9/21/2021 16:00:00,433.63
9/22/2021 16:00:00,437.86
9/23/2021 16:00:00,443.18
9/24/2021 16:00:00,443.91
9/27/2021 16:00:00,442.64
9/28/2021 16:00:00,433.72
9/29/2021 16:00:00,434.45
9/30/2021 16:00:00,429.14
10/1/2021 16:00:00,434.24
10/4/2021 16:00:00,428.64
10/5/2021 16:00:00,433.1
10/6/2021 16:00:00,434.9
10/7/2021 16:00:00,438.66
10/8/2021 16:00:00,437.86
10/11/2021 16:00:00,434.69
10/12/2021 16:00:00,433.62
10/13/2021 16:00:00,435.18
10/14/2021 16:00:00,442.5
10/15/2021 16:00:00,445.87
10/18/2021 16:00:00,447.19
10/19/2021 16:00:00,450.64
10/20/2021 16:00:00,452.41
10/21/2021 16:00:00,453.59
10/22/2021 16:00:00,453.12
10/25/2021 16:00:00,455.55
10/26/2021 16:00:00,455.96
10/27/2021 16:00:00,453.94
10/28/2021 16:00:00,458.32
10/29/2021 16:00:00,459.25
11/1/2021 16:00:00,460.04
11/2/2021 16:00:00,461.9
11/3/2021 16:00:00,464.72
11/4/2021 16:00:00,466.91
11/5/2021 16:00:00,468.53
11/8/2021 16:00:00,468.93
11/9/2021 16:00:00,467.38
11/10/2021 16:00:00,463.62
11/11/2021 16:00:00,463.77
11/12/2021 16:00:00,467.27
11/15/2021 16:00:00,467.43
11/16/2021 16:00:00,469.28
11/17/2021 16:00:00,468.14
11/18/2021 16:00:00,469.73
11/19/2021 16:00:00,468.89
11/22/2021 16:00:00,467.57
11/23/2021 16:00:00,468.19
11/24/2021 16:00:00,469.44
11/26/2021 13:15:00,458.97
11/29/2021 16:00:00,464.6
11/30/2021 16:00:00,455.56
12/1/2021 16:00:00,450.5
12/2/2021 16:00:00,457.4
12/3/2021 16:00:00,453.42
12/6/2021 16:00:00,458.79
12/7/2021 16:00:00,468.28
12/8/2021 16:00:00,469.52
12/9/2021 16:00:00,466.35
12/10/2021 16:00:00,470.74
12/13/2021 16:00:00,466.57
12/14/2021 16:00:00,463.36
12/15/2021 16:00:00,470.6
12/16/2021 16:00:00,466.45
12/17/2021 16:00:00,459.87
12/20/2021 16:00:00,454.98
12/21/2021 16:00:00,463.06
12/22/2021 16:00:00,467.69
12/23/2021 16:00:00,470.6
12/27/2021 16:00:00,477.26
12/28/2021 16:00:00,476.87
12/29/2021 16:00:00,477.48
12/30/2021 16:00:00,476.16
12/31/2021 16:00:00,474.96
1/3/2022 16:00:00,477.71
1/4/2022 16:00:00,477.55
1/5/2022 16:00:00,468.38
1/6/2022 16:00:00,467.94
1/7/2022 16:00:00,466.09
1/10/2022 16:00:00,465.51
1/11/2022 16:00:00,469.75
1/12/2022 16:00:00,471.02
1/13/2022 16:00:00,464.53
1/14/2022 16:00:00,464.72
1/18/2022 16:00:00,456.49
1/19/2022 16:00:00,451.75
1/20/2022 16:00:00,446.75
1/21/2022 16:00:00,437.98
1/24/2022 16:00:00,439.84
1/25/2022 16:00:00,434.47
1/26/2022 16:00:00,433.38
1/27/2022 16:00:00,431.24
1/28/2022 16:00:00,441.95
1/31/2022 16:00:00,449.91
2/1/2022 16:00:00,452.95
2/2/2022 16:00:00,457.35
2/3/2022 16:00:00,446.6
2/4/2022 16:00:00,448.7
2/7/2022 16:00:00,447.26
2/8/2022 16:00:00,450.94
2/9/2022 16:00:00,457.54
2/10/2022 16:00:00,449.32
2/11/2022 16:00:00,440.46
2/14/2022 16:00:00,439.02
2/15/2022 16:00:00,446.1
2/16/2022 16:00:00,446.6
2/17/2022 16:00:00,437.06
2/18/2022 16:00:00,434.23
2/22/2022 16:00:00,429.57
2/23/2022 16:00:00,421.95
2/24/2022 16:00:00,428.3
2/25/2022 16:00:00,437.75
2/28/2022 16:00:00,436.63
3/1/2022 16:00:00,429.98
3/2/2022 16:00:00,437.89
3/3/2022 16:00:00,435.71
3/4/2022 16:00:00,432.17
3/7/2022 16:00:00,419.43
3/8/2022 16:00:00,416.25
3/9/2022 16:00:00,427.41
3/10/2022 16:00:00,425.48
3/11/2022 16:00:00,420.07
3/14/2022 16:00:00,417
3/15/2022 16:00:00,426.17
3/16/2022 16:00:00,435.62
3/17/2022 16:00:00,441.07
3/18/2022 16:00:00,444.52
3/21/2022 16:00:00,444.39
3/22/2022 16:00:00,449.59
3/23/2022 16:00:00,443.8
3/24/2022 16:00:00,450.49
3/25/2022 16:00:00,452.69
3/28/2022 16:00:00,455.91
3/29/2022 16:00:00,461.55
3/30/2022 16:00:00,458.7
3/31/2022 16:00:00,451.64
4/1/2022 16:00:00,452.92
4/4/2022 16:00:00,456.8
4/5/2022 16:00:00,451.03
4/6/2022 16:00:00,446.52
4/7/2022 16:00:00,448.77
4/8/2022 16:00:00,447.57
4/11/2022 16:00:00,439.92
4/12/2022 16:00:00,438.29
4/13/2022 16:00:00,443.31
4/14/2022 16:00:00,437.79
4/18/2022 16:00:00,437.97
4/19/2022 16:00:00,445.04
4/20/2022 16:00:00,444.71
4/21/2022 16:00:00,438.06
4/22/2022 16:00:00,426.04
4/25/2022 16:00:00,428.51
4/26/2022 16:00:00,416.1
4/27/2022 16:00:00,417.27
4/28/2022 16:00:00,427.81
4/29/2022 16:00:00,412
5/2/2022 16:00:00,414.48
5/3/2022 16:00:00,416.38
5/4/2022 16:00:00,429.06
5/5/2022 16:00:00,413.81
5/6/2022 16:00:00,411.34
5/9/2022 16:00:00,398.17
5/10/2022 16:00:00,399.09
5/11/2022 16:00:00,392.75
5/12/2022 16:00:00,392.34
5/13/2022 16:00:00,401.72
5/16/2022 16:00:00,400.09
5/17/2022 16:00:00,408.32
5/18/2022 16:00:00,391.86
5/19/2022 16:00:00,389.46
5/20/2022 16:00:00,389.63
5/23/2022 16:00:00,396.92
5/24/2022 16:00:00,393.89
5/25/2022 16:00:00,397.37
5/26/2022 16:00:00,405.31
5/27/2022 16:00:00,415.26
5/31/2022 16:00:00,412.93
6/1/2022 16:00:00,409.59
6/2/2022 16:00:00,417.39
6/3/2022 16:00:00,410.54
6/6/2022 16:00:00,411.79
6/7/2022 16:00:00,415.74
6/8/2022 16:00:00,411.22
6/9/2022 16:00:00,401.44
6/10/2022 16:00:00,389.8
6/13/2022 16:00:00,375
6/14/2022 16:00:00,373.87
6/15/2022 16:00:00,379.2
6/16/2022 16:00:00,366.65
6/17/2022 16:00:00,365.86
6/21/2022 16:00:00,375.07
6/22/2022 16:00:00,374.39
6/23/2022 16:00:00,378.06
6/24/2022 16:00:00,390.08
6/27/2022 16:00:00,388.59
6/28/2022 16:00:00,380.65
6/29/2022 16:00:00,380.34
6/30/2022 16:00:00,377.25
7/1/2022 16:00:00,381.24
7/5/2022 16:00:00,381.96
7/6/2022 16:00:00,383.25
7/7/2022 16:00:00,388.99
7/8/2022 16:00:00,388.67
7/11/2022 16:00:00,384.23
7/12/2022 16:00:00,380.83
7/13/2022 16:00:00,378.83
7/14/2022 16:00:00,377.91
7/15/2022 16:00:00,385.13
7/18/2022 16:00:00,381.95
7/19/2022 16:00:00,392.27
7/20/2022 16:00:00,394.77
7/21/2022 16:00:00,398.79
7/22/2022 16:00:00,395.09
7/25/2022 16:00:00,395.57
7/26/2022 16:00:00,390.89
7/27/2022 16:00:00,401.04
7/28/2022 16:00:00,406.07
7/29/2022 16:00:00,411.99
8/1/2022 16:00:00,410.77
8/2/2022 16:00:00,408.06
8/3/2022 16:00:00,414.45
8/4/2022 16:00:00,414.17
8/5/2022 16:00:00,413.47
8/8/2022 16:00:00,412.99
8/9/2022 16:00:00,411.35
8/10/2022 16:00:00,419.99
8/11/2022 16:00:00,419.99
8/12/2022 16:00:00,427.1
8/15/2022 16:00:00,428.86
8/16/2022 16:00:00,429.7
8/17/2022 16:00:00,426.65
8/18/2022 16:00:00,427.89
8/19/2022 16:00:00,422.14
8/22/2022 16:00:00,413.35
8/23/2022 16:00:00,412.35
8/24/2022 16:00:00,413.67
8/25/2022 16:00:00,419.51
8/26/2022 16:00:00,405.31
8/29/2022 16:00:00,402.63
8/30/2022 16:00:00,398.21
8/31/2022 16:00:00,395.18
9/1/2022 16:00:00,396.42
9/2/2022 16:00:00,392.24
9/6/2022 16:00:00,390.76
9/7/2022 16:00:00,397.78
9/8/2022 16:00:00,400.38
9/9/2022 16:00:00,406.6
9/12/2022 16:00:00,410.97
9/13/2022 16:00:00,393.1
9/14/2022 16:00:00,394.6
9/15/2022 16:00:00,390.12
9/16/2022 16:00:00,385.56
9/19/2022 16:00:00,388.55
9/20/2022 16:00:00,384.09
9/21/2022 16:00:00,377.39
9/22/2022 16:00:00,374.22
9/23/2022 16:00:00,367.95
9/26/2022 16:00:00,364.31
9/27/2022 16:00:00,363.38
9/28/2022 16:00:00,370.53
9/29/2022 16:00:00,362.79
9/30/2022 16:00:00,357.18
10/3/2022 16:00:00,366.61
10/4/2022 16:00:00,377.97
10/5/2022 16:00:00,377.09
10/6/2022 16:00:00,373.2
10/7/2022 16:00:00,362.79
10/10/2022 16:00:00,360.02
10/11/2022 16:00:00,357.74
10/12/2022 16:00:00,356.56
10/13/2022 16:00:00,365.97
10/14/2022 16:00:00,357.63
10/17/2022 16:00:00,366.82
10/18/2022 16:00:00,371.13
10/19/2022 16:00:00,368.5
10/20/2022 16:00:00,365.41
10/21/2022 16:00:00,374.29
10/24/2022 16:00:00,378.87
10/25/2022 16:00:00,384.92
10/26/2022 16:00:00,382.02
10/27/2022 16:00:00,379.98
10/28/2022 16:00:00,389.02
10/31/2022 16:00:00,386.21
11/1/2022 16:00:00,384.52
11/2/2022 16:00:00,374.87
11/3/2022 16:00:00,371.01
11/4/2022 16:00:00,376.35
11/7/2022 16:00:00,379.95
11/8/2022 16:00:00,382
11/9/2022 16:00:00,374.13
11/10/2022 16:00:00,394.69
11/11/2022 16:00:00,398.51
11/14/2022 16:00:00,395.12
11/15/2022 16:00:00,398.49
11/16/2022 16:00:00,395.45
11/17/2022 16:00:00,394.24
11/18/2022 16:00:00,396.03
11/21/2022 16:00:00,394.59
11/22/2022 16:00:00,399.9
11/23/2022 16:00:00,402.42
11/25/2022 13:15:00,402.33
11/28/2022 16:00:00,395.91
11/29/2022 16:00:00,395.23
11/30/2022 16:00:00,407.68
12/1/2022 16:00:00,407.38
12/2/2022 16:00:00,406.91
12/5/2022 16:00:00,399.59
12/6/2022 16:00:00,393.83
12/7/2022 16:00:00,393.16
12/8/2022 16:00:00,396.24
12/9/2022 16:00:00,393.28
12/12/2022 16:00:00,398.95
12/13/2022 16:00:00,401.97
12/14/2022 16:00:00,399.4
12/15/2022 16:00:00,389.63
12/16/2022 16:00:00,383.27
12/19/2022 16:00:00,380.02
12/20/2022 16:00:00,380.54
12/21/2022 16:00:00,386.23
12/22/2022 16:00:00,380.72
12/23/2022 16:00:00,382.91
12/27/2022 16:00:00,381.4
12/28/2022 16:00:00,376.66
12/29/2022 16:00:00,383.44
12/30/2022 16:00:00,382.43
1/3/2023 16:00:00,380.82
1/4/2023 16:00:00,383.76
1/5/2023 16:00:00,379.38
1/6/2023 16:00:00,388.08
1/9/2023 16:00:00,387.86
1/10/2023 16:00:00,390.58
1/11/2023 16:00:00,395.52
1/12/2023 16:00:00,396.96
1/13/2023 16:00:00,398.5
1/17/2023 16:00:00,397.77
1/18/2023 16:00:00,391.49
1/19/2023 16:00:00,388.64
1/20/2023 16:00:00,395.88
1/23/2023 16:00:00,400.63
1/24/2023 16:00:00,400.2
1/25/2023 16:00:00,400.35
1/26/2023 16:00:00,404.75
1/27/2023 16:00:00,405.68
1/30/2023 16:00:00,400.59
1/31/2023 16:00:00,406.48
2/1/2023 16:00:00,410.8
2/2/2023 16:00:00,416.78
2/3/2023 16:00:00,412.35
2/6/2023 16:00:00,409.83
2/7/2023 16:00:00,415.19
2/8/2023 16:00:00,410.65
2/9/2023 16:00:00,407.09
2/10/2023 16:00:00,408.04
2/13/2023 16:00:00,412.83
2/14/2023 16:00:00,412.64
2/15/2023 16:00:00,413.98
2/16/2023 16:00:00,408.28
2/17/2023 16:00:00,407.26
2/21/2023 16:00:00,399.09
2/22/2023 16:00:00,398.54
2/23/2023 16:00:00,400.66
2/24/2023 16:00:00,396.38
2/27/2023 16:00:00,397.73
2/28/2023 16:00:00,396.26
3/1/2023 16:00:00,394.74
3/2/2023 16:00:00,397.81
3/3/2023 16:00:00,404.19
3/6/2023 16:00:00,404.47
3/7/2023 16:00:00,398.27
3/8/2023 16:00:00,398.92
3/9/2023 16:00:00,391.56
3/10/2023 16:00:00,385.91
3/13/2023 16:00:00,385.36
3/14/2023 16:00:00,391.73
3/15/2023 16:00:00,389.28
3/16/2023 16:00:00,396.11
3/17/2023 16:00:00,389.99
3/20/2023 16:00:00,393.74
3/21/2023 16:00:00,398.91
3/22/2023 16:00:00,392.11
3/23/2023 16:00:00,393.17
3/24/2023 16:00:00,395.75
3/27/2023 16:00:00,396.49
3/28/2023 16:00:00,395.6
3/29/2023 16:00:00,401.35
3/30/2023 16:00:00,403.7
3/31/2023 16:00:00,409.39
4/3/2023 16:00:00,410.95
4/4/2023 16:00:00,408.67
4/5/2023 16:00:00,407.6
4/6/2023 16:00:00,409.19
4/10/2023 16:00:00,409.61
4/11/2023 16:00:00,409.72
4/12/2023 16:00:00,408.05
4/13/2023 16:00:00,413.47
4/14/2023 16:00:00,412.46
4/17/2023 16:00:00,413.94
4/18/2023 16:00:00,414.21
4/19/2023 16:00:00,414.14
4/20/2023 16:00:00,411.88
4/21/2023 16:00:00,412.2
4/24/2023 16:00:00,412.63
4/25/2023 16:00:00,406.08
4/26/2023 16:00:00,404.36
4/27/2023 16:00:00,412.41
4/28/2023 16:00:00,415.93
5/1/2023 16:00:00,415.51
5/2/2023 16:00:00,410.84
5/3/2023 16:00:00,408.02
5/4/2023 16:00:00,405.13
5/5/2023 16:00:00,412.63
5/8/2023 16:00:00,412.74
5/9/2023 16:00:00,410.93
5/10/2023 16:00:00,412.85
5/11/2023 16:00:00,412.13
5/12/2023 16:00:00,411.59
5/15/2023 16:00:00,413.01
5/16/2023 16:00:00,410.25
5/17/2023 16:00:00,415.23
5/18/2023 16:00:00,419.23
5/19/2023 16:00:00,418.62
5/22/2023 16:00:00,418.79
5/23/2023 16:00:00,414.09
5/24/2023 16:00:00,411.09
5/25/2023 16:00:00,414.65
5/26/2023 16:00:00,420.02
5/30/2023 16:00:00,420.18
5/31/2023 16:00:00,417.85
6/1/2023 16:00:00,421.82
6/2/2023 16:00:00,427.92
6/5/2023 16:00:00,427.1
6/6/2023 16:00:00,428.03
6/7/2023 16:00:00,426.55
6/8/2023 16:00:00,429.13
6/9/2023 16:00:00,429.9
6/12/2023 16:00:00,433.8
6/13/2023 16:00:00,436.66
6/14/2023 16:00:00,437.18
6/15/2023 16:00:00,442.6
6/16/2023 16:00:00,439.46
6/20/2023 16:00:00,437.18
6/21/2023 16:00:00,434.94
6/22/2023 16:00:00,436.51
6/23/2023 16:00:00,433.21
6/26/2023 16:00:00,431.44
6/27/2023 16:00:00,436.17
6/28/2023 16:00:00,436.39
6/29/2023 16:00:00,438.11
6/30/2023 16:00:00,443.28
7/3/2023 13:15:00,443.79
7/5/2023 16:00:00,443.13
7/6/2023 16:00:00,439.66
7/7/2023 16:00:00,438.55
7/10/2023 16:00:00,439.66
7/11/2023 16:00:00,442.46
7/12/2023 16:00:00,446.02
7/13/2023 16:00:00,449.56
7/14/2023 16:00:00,449.28
7/17/2023 16:00:00,450.84
7/18/2023 16:00:00,454.19
7/19/2023 16:00:00,455.2
7/20/2023 16:00:00,452.18
7/21/2023 16:00:00,452.18
7/24/2023 16:00:00,454.2
7/25/2023 16:00:00,455.44
7/26/2023 16:00:00,455.51
7/27/2023 16:00:00,452.49
7/28/2023 16:00:00,456.92
7/31/2023 16:00:00,457.79
8/1/2023 16:00:00,456.48
8/2/2023 16:00:00,450.13
8/3/2023 16:00:00,448.84
8/4/2023 16:00:00,446.81
8/7/2023 16:00:00,450.71
8/8/2023 16:00:00,448.75
8/9/2023 16:00:00,445.75
8/10/2023 16:00:00,445.91
8/11/2023 16:00:00,445.65
8/14/2023 16:00:00,448.11
8/15/2023 16:00:00,442.89
8/16/2023 16:00:00,439.64
8/17/2023 16:00:00,436.29
8/18/2023 16:00:00,436.5
8/21/2023 16:00:00,439.34
8/22/2023 16:00:00,438.15
8/23/2023 16:00:00,443.03
8/24/2023 16:00:00,436.89
8/25/2023 16:00:00,439.97
8/28/2023 16:00:00,442.76
8/29/2023 16:00:00,449.16
8/30/2023 16:00:00,451.01
8/31/2023 16:00:00,450.35
9/1/2023 16:00:00,451.19
9/5/2023 16:00:00,449.24
9/6/2023 16:00:00,446.22
9/7/2023 16:00:00,444.85
9/8/2023 16:00:00,445.52
9/11/2023 16:00:00,448.45
9/12/2023 16:00:00,445.99
9/13/2023 16:00:00,446.51
9/14/2023 16:00:00,450.36
9/15/2023 16:00:00,443.37
9/18/2023 16:00:00,443.63
9/19/2023 16:00:00,442.71
9/20/2023 16:00:00,438.64
9/21/2023 16:00:00,431.39
9/22/2023 16:00:00,430.42
9/25/2023 16:00:00,432.23
9/26/2023 16:00:00,425.88
9/27/2023 16:00:00,426.05
9/28/2023 16:00:00,428.52
9/29/2023 16:00:00,427.48
10/2/2023 16:00:00,427.31
10/3/2023 16:00:00,421.59
10/4/2023 16:00:00,424.66
10/5/2023 16:00:00,424.5
10/6/2023 16:00:00,429.54
10/9/2023 16:00:00,432.29
10/10/2023 16:00:00,434.54
10/11/2023 16:00:00,436.32
10/12/2023 16:00:00,433.66
10/13/2023 16:00:00,431.5
10/16/2023 16:00:00,436.04
10/17/2023 16:00:00,436.02
10/18/2023 16:00:00,430.21
10/19/2023 16:00:00,426.43
10/20/2023 16:00:00,421.19
10/23/2023 16:00:00,420.46
10/24/2023 16:00:00,423.63
10/25/2023 16:00:00,417.55
10/26/2023 16:00:00,412.55
10/27/2023 16:00:00,410.68
10/30/2023 16:00:00,415.59
10/31/2023 16:00:00,418.2
11/1/2023 16:00:00,422.66
11/2/2023 16:00:00,430.76
11/3/2023 16:00:00,434.69
11/6/2023 16:00:00,435.69
11/7/2023 16:00:00,436.93
11/8/2023 16:00:00,437.25
11/9/2023 16:00:00,433.84
11/10/2023 16:00:00,440.61
11/13/2023 16:00:00,440.19
11/14/2023 16:00:00,448.73